window,start_month,end_month,cpi_group,group_label,months_chained,cumulative_change_pct,index_start_100,single_publisher_months,method
since_feb_2026,2026-02,2026-06,all_items,All items,4,-0.44,99.56,1,chained monthly changes
since_feb_2026,2026-02,2026-06,all_items_ex_housing,All items excluding housing and utilities,4,-0.67,99.33,1,chained monthly changes
since_feb_2026,2026-02,2026-06,clothing_footwear,Clothing and footwear,4,0.66,100.66,1,chained monthly changes
since_feb_2026,2026-02,2026-06,communication,Communication,4,-0.43,99.57,1,chained monthly changes
since_feb_2026,2026-02,2026-06,education,Education,4,0.01,100.01,1,chained monthly changes
since_feb_2026,2026-02,2026-06,food_beverages,Food and beverages,4,11.56,111.56,1,chained monthly changes
since_feb_2026,2026-02,2026-06,furniture_household,Furniture and household equipment,4,0.05,100.05,1,chained monthly changes
since_feb_2026,2026-02,2026-06,health,Health,4,-0.1,99.9,1,chained monthly changes
since_feb_2026,2026-02,2026-06,housing_utilities,"Housing, water, electricity and fuel",4,0.67,100.67,1,chained monthly changes
since_feb_2026,2026-02,2026-06,miscellaneous,Miscellaneous goods and services,4,-5.85,94.15,1,chained monthly changes
since_feb_2026,2026-02,2026-06,recreation_culture,Recreation and culture,4,-10.94,89.06,1,chained monthly changes
since_feb_2026,2026-02,2026-06,restaurants_hotels,Restaurants and hotels,4,-0.92,99.08,1,chained monthly changes
since_feb_2026,2026-02,2026-06,tobacco,Tobacco,4,0.0,100.0,1,chained monthly changes
since_feb_2026,2026-02,2026-06,transport,Transport,4,-1.03,98.97,1,chained monthly changes
since_feb_2026,2026-02,2026-06,all_items,All items,4,-0.43,99.57,0,ratio of published index levels
since_dec_2025,2025-12,2026-06,all_items,All items,6,-2.02,97.98,1,chained monthly changes
since_dec_2025,2025-12,2026-06,all_items_ex_housing,All items excluding housing and utilities,6,-2.61,97.39,1,chained monthly changes
since_dec_2025,2025-12,2026-06,clothing_footwear,Clothing and footwear,6,1.88,101.88,1,chained monthly changes
since_dec_2025,2025-12,2026-06,communication,Communication,6,-0.19,99.81,1,chained monthly changes
since_dec_2025,2025-12,2026-06,education,Education,6,0.07,100.07,1,chained monthly changes
since_dec_2025,2025-12,2026-06,food_beverages,Food and beverages,6,11.08,111.08,1,chained monthly changes
since_dec_2025,2025-12,2026-06,furniture_household,Furniture and household equipment,6,0.25,100.25,1,chained monthly changes
since_dec_2025,2025-12,2026-06,health,Health,6,0.17,100.17,1,chained monthly changes
since_dec_2025,2025-12,2026-06,housing_utilities,"Housing, water, electricity and fuel",6,0.82,100.82,1,chained monthly changes
since_dec_2025,2025-12,2026-06,miscellaneous,Miscellaneous goods and services,6,-0.32,99.68,1,chained monthly changes
since_dec_2025,2025-12,2026-06,recreation_culture,Recreation and culture,6,-22.08,77.92,1,chained monthly changes
since_dec_2025,2025-12,2026-06,restaurants_hotels,Restaurants and hotels,6,-3.06,96.94,1,chained monthly changes
since_dec_2025,2025-12,2026-06,tobacco,Tobacco,6,0.0,100.0,1,chained monthly changes
since_dec_2025,2025-12,2026-06,transport,Transport,6,-1.26,98.74,1,chained monthly changes
since_dec_2025,2025-12,2026-06,all_items,All items,6,-2.02,97.98,0,ratio of published index levels
