month,month_start,cpi_group,group_label,measure,value,decimals_reported,n_publishers,publishers,verification,base_year
2025-12,2025-12-01,all_items,All items,index,112.39,2,2,Qatar Tribune; The Peninsula,two-publishers,2018=100
2025-12,2025-12-01,all_items,All items,mom_pct,1.44,2,2,Qatar Tribune; The Peninsula,two-publishers,2018=100
2025-12,2025-12-01,all_items,All items,yoy_pct,1.95,2,2,Qatar Tribune; The Peninsula,two-publishers,2018=100
2025-12,2025-12-01,all_items_ex_housing,All items excluding housing and utilities,index,117.68,2,1,The Peninsula,single-publisher,2018=100
2025-12,2025-12-01,all_items_ex_housing,All items excluding housing and utilities,mom_pct,1.71,2,1,The Peninsula,single-publisher,2018=100
2025-12,2025-12-01,all_items_ex_housing,All items excluding housing and utilities,yoy_pct,2.05,2,1,The Peninsula,single-publisher,2018=100
2025-12,2025-12-01,clothing_footwear,Clothing and footwear,mom_pct,0.89,2,2,Qatar Tribune; The Peninsula,two-publishers,2018=100
2025-12,2025-12-01,clothing_footwear,Clothing and footwear,yoy_pct,3.28,2,2,Qatar Tribune; The Peninsula,two-publishers,2018=100
2025-12,2025-12-01,communication,Communication,mom_pct,0.35,2,2,Qatar Tribune; The Peninsula,two-publishers,2018=100
2025-12,2025-12-01,communication,Communication,yoy_pct,0.17,2,2,Qatar Tribune; The Peninsula,two-publishers,2018=100
2025-12,2025-12-01,education,Education,mom_pct,-0.02,2,2,Qatar Tribune; The Peninsula,two-publishers,2018=100
2025-12,2025-12-01,education,Education,yoy_pct,2.04,2,2,Qatar Tribune; The Peninsula,two-publishers,2018=100
2025-12,2025-12-01,food_beverages,Food and beverages,mom_pct,0.19,2,2,Qatar Tribune; The Peninsula,two-publishers,2018=100
2025-12,2025-12-01,food_beverages,Food and beverages,yoy_pct,0.63,2,2,Qatar Tribune; The Peninsula,two-publishers,2018=100
2025-12,2025-12-01,furniture_household,Furniture and household equipment,mom_pct,0.0,2,2,Qatar Tribune; The Peninsula,two-publishers,2018=100
2025-12,2025-12-01,furniture_household,Furniture and household equipment,yoy_pct,1.39,2,2,Qatar Tribune; The Peninsula,two-publishers,2018=100
2025-12,2025-12-01,health,Health,mom_pct,0.0,2,2,Qatar Tribune; The Peninsula,two-publishers,2018=100
2025-12,2025-12-01,health,Health,yoy_pct,-0.75,2,2,Qatar Tribune; The Peninsula,two-publishers,2018=100
2025-12,2025-12-01,housing_utilities,"Housing, water, electricity and fuel",mom_pct,0.15,2,2,Qatar Tribune; The Peninsula,two-publishers,2018=100
2025-12,2025-12-01,housing_utilities,"Housing, water, electricity and fuel",yoy_pct,1.5,2,2,Qatar Tribune; The Peninsula,two-publishers,2018=100
2025-12,2025-12-01,miscellaneous,Miscellaneous goods and services,mom_pct,1.87,2,2,Qatar Tribune; The Peninsula,two-publishers,2018=100
2025-12,2025-12-01,miscellaneous,Miscellaneous goods and services,yoy_pct,18.68,2,2,Qatar Tribune; The Peninsula,two-publishers,2018=100
2025-12,2025-12-01,recreation_culture,Recreation and culture,mom_pct,6.84,2,2,Qatar Tribune; The Peninsula,two-publishers,2018=100
2025-12,2025-12-01,recreation_culture,Recreation and culture,yoy_pct,1.44,2,2,Qatar Tribune; The Peninsula,two-publishers,2018=100
2025-12,2025-12-01,restaurants_hotels,Restaurants and hotels,mom_pct,1.71,2,2,Qatar Tribune; The Peninsula,two-publishers,2018=100
2025-12,2025-12-01,restaurants_hotels,Restaurants and hotels,yoy_pct,-0.65,2,2,Qatar Tribune; The Peninsula,two-publishers,2018=100
2025-12,2025-12-01,tobacco,Tobacco,mom_pct,0.0,2,2,Qatar Tribune; The Peninsula,two-publishers,2018=100
2025-12,2025-12-01,tobacco,Tobacco,yoy_pct,0.0,2,2,Qatar Tribune; The Peninsula,two-publishers,2018=100
2025-12,2025-12-01,transport,Transport,mom_pct,0.71,2,2,Qatar Tribune; The Peninsula,two-publishers,2018=100
2025-12,2025-12-01,transport,Transport,yoy_pct,-0.42,2,2,Qatar Tribune; The Peninsula,two-publishers,2018=100
2026-01,2026-01-01,all_items,All items,index,109.9,2,2,Qatar Tribune; The Peninsula,two-publishers,2018=100
2026-01,2026-01-01,all_items,All items,mom_pct,-2.22,2,2,Qatar Tribune; The Peninsula,two-publishers,2018=100
2026-01,2026-01-01,all_items,All items,yoy_pct,2.28,2,2,Qatar Tribune; The Peninsula,two-publishers,2018=100
2026-01,2026-01-01,all_items_ex_housing,All items excluding housing and utilities,index,114.57,2,2,Qatar Tribune; The Peninsula,two-publishers,2018=100
2026-01,2026-01-01,all_items_ex_housing,All items excluding housing and utilities,mom_pct,-2.65,2,2,Qatar Tribune; The Peninsula,two-publishers,2018=100
2026-01,2026-01-01,all_items_ex_housing,All items excluding housing and utilities,yoy_pct,2.51,2,2,Qatar Tribune; The Peninsula,two-publishers,2018=100
2026-01,2026-01-01,clothing_footwear,Clothing and footwear,mom_pct,-1.15,2,2,Qatar Tribune; The Peninsula,two-publishers,2018=100
2026-01,2026-01-01,clothing_footwear,Clothing and footwear,yoy_pct,3.25,2,2,Qatar Tribune; The Peninsula,two-publishers,2018=100
2026-01,2026-01-01,communication,Communication,mom_pct,0.32,2,2,Qatar Tribune; The Peninsula,two-publishers,2018=100
2026-01,2026-01-01,communication,Communication,yoy_pct,0.4,2,2,Qatar Tribune; The Peninsula,two-publishers,2018=100
2026-01,2026-01-01,education,Education,mom_pct,0.06,2,2,Qatar Tribune; The Peninsula,two-publishers,2018=100
2026-01,2026-01-01,education,Education,yoy_pct,2.08,2,2,Qatar Tribune; The Peninsula,two-publishers,2018=100
2026-01,2026-01-01,food_beverages,Food and beverages,mom_pct,-0.59,2,2,Qatar Tribune; The Peninsula,two-publishers,2018=100
2026-01,2026-01-01,food_beverages,Food and beverages,yoy_pct,2.87,2,2,Qatar Tribune; The Peninsula,two-publishers,2018=100
2026-01,2026-01-01,furniture_household,Furniture and household equipment,mom_pct,0.2,2,2,Qatar Tribune; The Peninsula,two-publishers,2018=100
2026-01,2026-01-01,furniture_household,Furniture and household equipment,yoy_pct,2.37,2,2,Qatar Tribune; The Peninsula,two-publishers,2018=100
2026-01,2026-01-01,health,Health,mom_pct,0.27,2,2,Qatar Tribune; The Peninsula,two-publishers,2018=100
2026-01,2026-01-01,health,Health,yoy_pct,-1.38,2,2,Qatar Tribune; The Peninsula,two-publishers,2018=100
2026-01,2026-01-01,housing_utilities,"Housing, water, electricity and fuel",mom_pct,-0.17,2,2,Qatar Tribune; The Peninsula,two-publishers,2018=100
2026-01,2026-01-01,housing_utilities,"Housing, water, electricity and fuel",yoy_pct,1.21,2,2,Qatar Tribune; The Peninsula,two-publishers,2018=100
2026-01,2026-01-01,miscellaneous,Miscellaneous goods and services,mom_pct,-3.46,2,2,Qatar Tribune; The Peninsula,two-publishers,2018=100
2026-01,2026-01-01,miscellaneous,Miscellaneous goods and services,yoy_pct,12.4,2,2,Qatar Tribune; The Peninsula,two-publishers,2018=100
2026-01,2026-01-01,recreation_culture,Recreation and culture,mom_pct,-11.97,2,2,Qatar Tribune; The Peninsula,two-publishers,2018=100
2026-01,2026-01-01,recreation_culture,Recreation and culture,yoy_pct,4.9,2,2,Qatar Tribune; The Peninsula,two-publishers,2018=100
2026-01,2026-01-01,restaurants_hotels,Restaurants and hotels,mom_pct,-1.9,2,2,Qatar Tribune; The Peninsula,two-publishers,2018=100
2026-01,2026-01-01,restaurants_hotels,Restaurants and hotels,yoy_pct,-2.0,2,2,Qatar Tribune; The Peninsula,two-publishers,2018=100
2026-01,2026-01-01,tobacco,Tobacco,mom_pct,0.0,2,2,Qatar Tribune; The Peninsula,two-publishers,2018=100
2026-01,2026-01-01,tobacco,Tobacco,yoy_pct,0.0,2,2,Qatar Tribune; The Peninsula,two-publishers,2018=100
2026-01,2026-01-01,transport,Transport,mom_pct,0.54,2,2,Qatar Tribune; The Peninsula,two-publishers,2018=100
2026-01,2026-01-01,transport,Transport,yoy_pct,-0.48,2,2,Qatar Tribune; The Peninsula,two-publishers,2018=100
2026-02,2026-02-01,all_items,All items,index,110.6,2,2,Qatar Tribune; The Peninsula,two-publishers,2018=100
2026-02,2026-02-01,all_items,All items,mom_pct,0.64,2,2,Qatar Tribune; The Peninsula,two-publishers,2018=100
2026-02,2026-02-01,all_items,All items,yoy_pct,2.51,2,2,Qatar Tribune; The Peninsula,two-publishers,2018=100
2026-02,2026-02-01,all_items_ex_housing,All items excluding housing and utilities,index,115.38,2,2,Qatar Tribune; The Peninsula,two-publishers,2018=100
2026-02,2026-02-01,all_items_ex_housing,All items excluding housing and utilities,mom_pct,0.71,2,2,Qatar Tribune; The Peninsula,two-publishers,2018=100
2026-02,2026-02-01,all_items_ex_housing,All items excluding housing and utilities,yoy_pct,2.91,2,2,Qatar Tribune; The Peninsula,two-publishers,2018=100
2026-02,2026-02-01,clothing_footwear,Clothing and footwear,mom_pct,2.39,2,2,Qatar Tribune; The Peninsula,two-publishers,2018=100
2026-02,2026-02-01,clothing_footwear,Clothing and footwear,yoy_pct,4.16,2,2,Qatar Tribune; The Peninsula,two-publishers,2018=100
2026-02,2026-02-01,communication,Communication,mom_pct,-0.08,2,2,Qatar Tribune; The Peninsula,two-publishers,2018=100
2026-02,2026-02-01,communication,Communication,yoy_pct,0.66,2,2,Qatar Tribune; The Peninsula,two-publishers,2018=100
2026-02,2026-02-01,education,Education,mom_pct,0.0,2,2,Qatar Tribune; The Peninsula,two-publishers,2018=100
2026-02,2026-02-01,education,Education,yoy_pct,2.04,2,2,Qatar Tribune; The Peninsula,two-publishers,2018=100
2026-02,2026-02-01,food_beverages,Food and beverages,mom_pct,0.16,2,2,Qatar Tribune; The Peninsula,two-publishers,2018=100
2026-02,2026-02-01,food_beverages,Food and beverages,yoy_pct,2.05,2,2,Qatar Tribune; The Peninsula,two-publishers,2018=100
2026-02,2026-02-01,furniture_household,Furniture and household equipment,mom_pct,0.0,2,2,Qatar Tribune; The Peninsula,two-publishers,2018=100
2026-02,2026-02-01,furniture_household,Furniture and household equipment,yoy_pct,2.45,2,2,Qatar Tribune; The Peninsula,two-publishers,2018=100
2026-02,2026-02-01,health,Health,mom_pct,0.0,2,2,Qatar Tribune; The Peninsula,two-publishers,2018=100
2026-02,2026-02-01,health,Health,yoy_pct,-1.38,2,2,Qatar Tribune; The Peninsula,two-publishers,2018=100
2026-02,2026-02-01,housing_utilities,"Housing, water, electricity and fuel",mom_pct,0.32,2,2,Qatar Tribune; The Peninsula,two-publishers,2018=100
2026-02,2026-02-01,housing_utilities,"Housing, water, electricity and fuel",yoy_pct,0.72,2,2,Qatar Tribune; The Peninsula,two-publishers,2018=100
2026-02,2026-02-01,miscellaneous,Miscellaneous goods and services,mom_pct,9.67,2,2,Qatar Tribune; The Peninsula,two-publishers,2018=100
2026-02,2026-02-01,miscellaneous,Miscellaneous goods and services,yoy_pct,21.16,2,2,Qatar Tribune; The Peninsula,two-publishers,2018=100
2026-02,2026-02-01,recreation_culture,Recreation and culture,mom_pct,-0.61,2,2,Qatar Tribune; The Peninsula,two-publishers,2018=100
2026-02,2026-02-01,recreation_culture,Recreation and culture,yoy_pct,4.92,2,2,Qatar Tribune; The Peninsula,two-publishers,2018=100
2026-02,2026-02-01,restaurants_hotels,Restaurants and hotels,mom_pct,-0.26,2,2,Qatar Tribune; The Peninsula,two-publishers,2018=100
2026-02,2026-02-01,restaurants_hotels,Restaurants and hotels,yoy_pct,-2.0,2,2,Qatar Tribune; The Peninsula,two-publishers,2018=100
2026-02,2026-02-01,tobacco,Tobacco,mom_pct,0.0,2,2,Qatar Tribune; The Peninsula,two-publishers,2018=100
2026-02,2026-02-01,tobacco,Tobacco,yoy_pct,0.0,2,2,Qatar Tribune; The Peninsula,two-publishers,2018=100
2026-02,2026-02-01,transport,Transport,mom_pct,-0.77,2,2,Qatar Tribune; The Peninsula,two-publishers,2018=100
2026-02,2026-02-01,transport,Transport,yoy_pct,-1.7,2,2,Qatar Tribune; The Peninsula,two-publishers,2018=100
2026-03,2026-03-01,all_items,All items,index,111.44,2,1,Arab News,single-publisher,2018=100
2026-03,2026-03-01,all_items,All items,mom_pct,0.76,2,1,Arab News,single-publisher,2018=100
2026-03,2026-03-01,all_items_ex_housing,All items excluding housing and utilities,index,116.46,2,1,Arab News,single-publisher,2018=100
2026-03,2026-03-01,all_items_ex_housing,All items excluding housing and utilities,mom_pct,0.94,2,1,Arab News,single-publisher,2018=100
2026-03,2026-03-01,clothing_footwear,Clothing and footwear,mom_pct,0.48,2,1,Arab News,single-publisher,2018=100
2026-03,2026-03-01,communication,Communication,mom_pct,0.0,2,1,Arab News,single-publisher,2018=100
2026-03,2026-03-01,education,Education,mom_pct,0.0,2,1,Arab News,single-publisher,2018=100
2026-03,2026-03-01,food_beverages,Food and beverages,mom_pct,6.9,2,1,Arab News,single-publisher,2018=100
2026-03,2026-03-01,furniture_household,Furniture and household equipment,mom_pct,0.0,2,1,Arab News,single-publisher,2018=100
2026-03,2026-03-01,health,Health,mom_pct,0.0,2,1,Arab News,single-publisher,2018=100
2026-03,2026-03-01,housing_utilities,"Housing, water, electricity and fuel",mom_pct,-0.11,2,1,Arab News,single-publisher,2018=100
2026-03,2026-03-01,miscellaneous,Miscellaneous goods and services,mom_pct,-2.17,2,1,Arab News,single-publisher,2018=100
2026-03,2026-03-01,recreation_culture,Recreation and culture,mom_pct,-1.82,2,1,Arab News,single-publisher,2018=100
2026-03,2026-03-01,restaurants_hotels,Restaurants and hotels,mom_pct,-0.07,2,1,Arab News,single-publisher,2018=100
2026-03,2026-03-01,tobacco,Tobacco,mom_pct,0.0,2,1,Arab News,single-publisher,2018=100
2026-03,2026-03-01,transport,Transport,mom_pct,1.63,2,1,Arab News,single-publisher,2018=100
2026-04,2026-04-01,all_items,All items,index,110.61,2,2,Qatar News Agency; Qatar Tribune,two-publishers,2018=100
2026-04,2026-04-01,all_items,All items,mom_pct,-0.74,2,2,Qatar News Agency; Qatar Tribune,two-publishers,2018=100
2026-04,2026-04-01,all_items,All items,yoy_pct,2.62,2,3,Arab News; Qatar News Agency; Qatar Tribune,two-publishers,2018=100
2026-04,2026-04-01,all_items_ex_housing,All items excluding housing and utilities,index,115.39,2,2,Qatar News Agency; Qatar Tribune,two-publishers,2018=100
2026-04,2026-04-01,all_items_ex_housing,All items excluding housing and utilities,mom_pct,-0.92,2,2,Qatar News Agency; Qatar Tribune,two-publishers,2018=100
2026-04,2026-04-01,all_items_ex_housing,All items excluding housing and utilities,yoy_pct,2.84,2,2,Qatar News Agency; Qatar Tribune,two-publishers,2018=100
2026-04,2026-04-01,clothing_footwear,Clothing and footwear,mom_pct,-0.61,2,2,Qatar News Agency; Qatar Tribune,two-publishers,2018=100
2026-04,2026-04-01,clothing_footwear,Clothing and footwear,yoy_pct,4.71,2,2,Qatar News Agency; Qatar Tribune,two-publishers,2018=100
2026-04,2026-04-01,communication,Communication,mom_pct,0.0,2,2,Qatar News Agency; Qatar Tribune,two-publishers,2018=100
2026-04,2026-04-01,communication,Communication,yoy_pct,0.75,2,2,Qatar News Agency; Qatar Tribune,two-publishers,2018=100
2026-04,2026-04-01,education,Education,mom_pct,0.0,2,2,Qatar News Agency; Qatar Tribune,two-publishers,2018=100
2026-04,2026-04-01,education,Education,yoy_pct,2.09,2,2,Qatar News Agency; Qatar Tribune,two-publishers,2018=100
2026-04,2026-04-01,food_beverages,Food and beverages,mom_pct,1.48,2,3,Arab News; Qatar News Agency; Qatar Tribune,two-publishers,2018=100
2026-04,2026-04-01,food_beverages,Food and beverages,yoy_pct,10.41,2,3,Arab News; Qatar News Agency; Qatar Tribune,two-publishers,2018=100
2026-04,2026-04-01,furniture_household,Furniture and household equipment,mom_pct,0.12,2,2,Qatar News Agency; Qatar Tribune,two-publishers,2018=100
2026-04,2026-04-01,furniture_household,Furniture and household equipment,yoy_pct,0.81,2,2,Qatar News Agency; Qatar Tribune,two-publishers,2018=100
2026-04,2026-04-01,health,Health,mom_pct,-0.1,2,2,Qatar News Agency; Qatar Tribune,two-publishers,2018=100
2026-04,2026-04-01,health,Health,yoy_pct,-0.09,2,2,Qatar News Agency; Qatar Tribune,two-publishers,2018=100
2026-04,2026-04-01,housing_utilities,"Housing, water, electricity and fuel",mom_pct,0.13,2,2,Qatar News Agency; Qatar Tribune,two-publishers,2018=100
2026-04,2026-04-01,housing_utilities,"Housing, water, electricity and fuel",yoy_pct,1.62,2,2,Qatar News Agency; Qatar Tribune,two-publishers,2018=100
2026-04,2026-04-01,miscellaneous,Miscellaneous goods and services,mom_pct,-0.18,2,2,Qatar News Agency; Qatar Tribune,two-publishers,2018=100
2026-04,2026-04-01,miscellaneous,Miscellaneous goods and services,yoy_pct,13.82,2,2,Qatar News Agency; Qatar Tribune,two-publishers,2018=100
2026-04,2026-04-01,recreation_culture,Recreation and culture,mom_pct,-6.19,2,2,Qatar News Agency; Qatar Tribune,two-publishers,2018=100
2026-04,2026-04-01,recreation_culture,Recreation and culture,yoy_pct,-3.18,2,2,Qatar News Agency; Qatar Tribune,two-publishers,2018=100
2026-04,2026-04-01,restaurants_hotels,Restaurants and hotels,mom_pct,0.07,2,2,Qatar News Agency; Qatar Tribune,two-publishers,2018=100
2026-04,2026-04-01,restaurants_hotels,Restaurants and hotels,yoy_pct,0.9,2,2,Qatar News Agency; Qatar Tribune,two-publishers,2018=100
2026-04,2026-04-01,tobacco,Tobacco,mom_pct,0.0,2,2,Qatar News Agency; Qatar Tribune,two-publishers,2018=100
2026-04,2026-04-01,tobacco,Tobacco,yoy_pct,0.0,2,2,Qatar News Agency; Qatar Tribune,two-publishers,2018=100
2026-04,2026-04-01,transport,Transport,mom_pct,-0.88,2,2,Qatar News Agency; Qatar Tribune,two-publishers,2018=100
2026-04,2026-04-01,transport,Transport,yoy_pct,-0.55,2,2,Qatar News Agency; Qatar Tribune,two-publishers,2018=100
2026-05,2026-05-01,all_items,All items,index,110.05,2,2,Qatar News Agency; Qatar Tribune,two-publishers,2018=100
2026-05,2026-05-01,all_items,All items,mom_pct,-0.51,2,2,Qatar News Agency; Qatar Tribune,two-publishers,2018=100
2026-05,2026-05-01,all_items,All items,yoy_pct,2.2,1,1,FocusEconomics,single-publisher,2018=100
2026-05,2026-05-01,all_items_ex_housing,All items excluding housing and utilities,index,114.59,2,2,Qatar News Agency; Qatar Tribune,two-publishers,2018=100
2026-05,2026-05-01,all_items_ex_housing,All items excluding housing and utilities,mom_pct,-0.69,2,2,Qatar News Agency; Qatar Tribune,two-publishers,2018=100
2026-05,2026-05-01,clothing_footwear,Clothing and footwear,mom_pct,0.39,2,2,Qatar News Agency; Qatar Tribune,two-publishers,2018=100
2026-05,2026-05-01,clothing_footwear,Clothing and footwear,yoy_pct,5.5,1,1,FocusEconomics,single-publisher,2018=100
2026-05,2026-05-01,communication,Communication,mom_pct,0.0,2,2,Qatar News Agency; Qatar Tribune,two-publishers,2018=100
2026-05,2026-05-01,education,Education,mom_pct,0.01,2,2,Qatar News Agency; Qatar Tribune,two-publishers,2018=100
2026-05,2026-05-01,food_beverages,Food and beverages,mom_pct,1.84,2,2,Qatar News Agency; Qatar Tribune,two-publishers,2018=100
2026-05,2026-05-01,food_beverages,Food and beverages,yoy_pct,11.71,2,2,FocusEconomics; Trading Economics,two-publishers,2018=100
2026-05,2026-05-01,furniture_household,Furniture and household equipment,mom_pct,-0.07,2,2,Qatar News Agency; Qatar Tribune,two-publishers,2018=100
2026-05,2026-05-01,health,Health,mom_pct,0.0,2,2,Qatar News Agency; Qatar Tribune,two-publishers,2018=100
2026-05,2026-05-01,housing_utilities,"Housing, water, electricity and fuel",mom_pct,0.32,2,2,Qatar News Agency; Qatar Tribune,two-publishers,2018=100
2026-05,2026-05-01,housing_utilities,"Housing, water, electricity and fuel",yoy_pct,2.7,1,1,FocusEconomics,single-publisher,2018=100
2026-05,2026-05-01,miscellaneous,Miscellaneous goods and services,mom_pct,-0.93,2,2,Qatar News Agency; Qatar Tribune,two-publishers,2018=100
2026-05,2026-05-01,recreation_culture,Recreation and culture,mom_pct,-1.32,2,2,Qatar News Agency; Qatar Tribune,two-publishers,2018=100
2026-05,2026-05-01,recreation_culture,Recreation and culture,yoy_pct,-5.7,1,1,FocusEconomics,single-publisher,2018=100
2026-05,2026-05-01,restaurants_hotels,Restaurants and hotels,mom_pct,-0.92,2,2,Qatar News Agency; Qatar Tribune,two-publishers,2018=100
2026-05,2026-05-01,tobacco,Tobacco,mom_pct,0.0,2,2,Qatar News Agency; Qatar Tribune,two-publishers,2018=100
2026-05,2026-05-01,transport,Transport,mom_pct,-3.85,2,2,Qatar News Agency; Qatar Tribune,two-publishers,2018=100
2026-05,2026-05-01,transport,Transport,yoy_pct,-3.0,1,1,FocusEconomics,single-publisher,2018=100
2026-06,2026-06-01,all_items,All items,index,110.12,2,3,Gulf Times; Qatar Tribune; The Peninsula,two-publishers,2018=100
2026-06,2026-06-01,all_items,All items,mom_pct,0.06,2,2,Gulf Times; Qatar Tribune,two-publishers,2018=100
2026-06,2026-06-01,all_items,All items,yoy_pct,2.21,2,3,Gulf Times; Qatar Tribune; The Peninsula,two-publishers,2018=100
2026-06,2026-06-01,all_items_ex_housing,All items excluding housing and utilities,index,114.6,2,2,Gulf Times; Qatar Tribune,two-publishers,2018=100
2026-06,2026-06-01,all_items_ex_housing,All items excluding housing and utilities,mom_pct,0.01,2,2,Gulf Times; Qatar Tribune,two-publishers,2018=100
2026-06,2026-06-01,clothing_footwear,Clothing and footwear,mom_pct,0.4,2,2,Gulf Times; Qatar Tribune,two-publishers,2018=100
2026-06,2026-06-01,clothing_footwear,Clothing and footwear,yoy_pct,5.04,2,3,Gulf Times; Qatar Tribune; The Peninsula,two-publishers,2018=100
2026-06,2026-06-01,communication,Communication,mom_pct,-0.43,2,2,Gulf Times; Qatar Tribune,two-publishers,2018=100
2026-06,2026-06-01,communication,Communication,yoy_pct,0.3,2,2,Gulf Times; Qatar Tribune,two-publishers,2018=100
2026-06,2026-06-01,education,Education,mom_pct,0.0,2,2,Gulf Times; Qatar Tribune,two-publishers,2018=100
2026-06,2026-06-01,education,Education,yoy_pct,2.09,2,2,Gulf Times; Qatar Tribune,two-publishers,2018=100
2026-06,2026-06-01,food_beverages,Food and beverages,mom_pct,0.98,2,2,Gulf Times; Qatar Tribune,two-publishers,2018=100
2026-06,2026-06-01,food_beverages,Food and beverages,yoy_pct,12.74,2,4,Gulf Times; Qatar Tribune; The Peninsula; Trading Economics,two-publishers,2018=100
2026-06,2026-06-01,furniture_household,Furniture and household equipment,mom_pct,0.0,2,2,Gulf Times; Qatar Tribune,two-publishers,2018=100
2026-06,2026-06-01,furniture_household,Furniture and household equipment,yoy_pct,0.7,2,2,Gulf Times; Qatar Tribune,two-publishers,2018=100
2026-06,2026-06-01,health,Health,mom_pct,0.0,2,2,Gulf Times; Qatar Tribune,two-publishers,2018=100
2026-06,2026-06-01,health,Health,yoy_pct,-0.09,2,2,Gulf Times; Qatar Tribune,two-publishers,2018=100
2026-06,2026-06-01,housing_utilities,"Housing, water, electricity and fuel",mom_pct,0.33,2,2,Gulf Times; Qatar Tribune,two-publishers,2018=100
2026-06,2026-06-01,housing_utilities,"Housing, water, electricity and fuel",yoy_pct,2.67,2,2,Gulf Times; Qatar Tribune,two-publishers,2018=100
2026-06,2026-06-01,miscellaneous,Miscellaneous goods and services,mom_pct,-2.68,2,2,Gulf Times; Qatar Tribune,two-publishers,2018=100
2026-06,2026-06-01,miscellaneous,Miscellaneous goods and services,yoy_pct,9.01,2,3,Gulf Times; Qatar Tribune; The Peninsula,two-publishers,2018=100
2026-06,2026-06-01,recreation_culture,Recreation and culture,mom_pct,-2.01,2,2,Gulf Times; Qatar Tribune,two-publishers,2018=100
2026-06,2026-06-01,recreation_culture,Recreation and culture,yoy_pct,-6.99,2,3,Gulf Times; Qatar Tribune; The Peninsula,two-publishers,2018=100
2026-06,2026-06-01,restaurants_hotels,Restaurants and hotels,mom_pct,0.0,2,2,Gulf Times; Qatar Tribune,two-publishers,2018=100
2026-06,2026-06-01,restaurants_hotels,Restaurants and hotels,yoy_pct,0.24,2,2,Gulf Times; Qatar Tribune,two-publishers,2018=100
2026-06,2026-06-01,tobacco,Tobacco,mom_pct,0.0,2,2,Gulf Times; Qatar Tribune,two-publishers,2018=100
2026-06,2026-06-01,tobacco,Tobacco,yoy_pct,0.0,2,2,Gulf Times; Qatar Tribune,two-publishers,2018=100
2026-06,2026-06-01,transport,Transport,mom_pct,2.18,2,2,Gulf Times; Qatar Tribune,two-publishers,2018=100
2026-06,2026-06-01,transport,Transport,yoy_pct,-0.92,2,3,Gulf Times; Qatar Tribune; The Peninsula,two-publishers,2018=100
