country,continent,month_or_date,fuel,price_local,currency,unit,fx_rate_to_usd,price_usd_per_litre,source_url,note
United States,North America,2026-01,gasoline,2.809,USD,per US gallon,1,0.742,https://www.eia.gov/dnav/pet/hist/LeafHandler.ashx?n=PET&s=EMM_EPMR_PTE_NUS_DPG&f=M,monthly-average (EIA regular all formulations); USD/L = $/gal / 3.78541
United States,North America,2026-02,gasoline,2.908,USD,per US gallon,1,0.768,https://www.eia.gov/dnav/pet/hist/LeafHandler.ashx?n=PET&s=EMM_EPMR_PTE_NUS_DPG&f=M,monthly-average (EIA regular all formulations); USD/L = $/gal / 3.78541
United States,North America,2026-03,gasoline,3.638,USD,per US gallon,1,0.961,https://www.eia.gov/dnav/pet/hist/LeafHandler.ashx?n=PET&s=EMM_EPMR_PTE_NUS_DPG&f=M,monthly-average (EIA regular all formulations); USD/L = $/gal / 3.78541
United States,North America,2026-04,gasoline,4.103,USD,per US gallon,1,1.084,https://www.eia.gov/dnav/pet/hist/LeafHandler.ashx?n=PET&s=EMM_EPMR_PTE_NUS_DPG&f=M,monthly-average (EIA regular all formulations); USD/L = $/gal / 3.78541
United States,North America,2026-05,gasoline,4.479,USD,per US gallon,1,1.183,https://www.eia.gov/dnav/pet/hist/LeafHandler.ashx?n=PET&s=EMM_EPMR_PTE_NUS_DPG&f=M,monthly-average (EIA regular all formulations); USD/L = $/gal / 3.78541
United States,North America,2026-06,gasoline,4.05,USD,per US gallon,1,1.070,https://www.eia.gov/dnav/pet/hist/LeafHandler.ashx?n=PET&s=EMM_EPMR_PTE_NUS_DPG&f=M,monthly-average (EIA regular all formulations); USD/L = $/gal / 3.78541
United States,North America,2026-07,gasoline,3.932,USD,per US gallon,1,1.039,https://www.eia.gov/dnav/pet/hist/LeafHandler.ashx?n=PET&s=EMM_EPMR_PTE_NUS_DPG&f=M,monthly-average (EIA regular all formulations); USD/L = $/gal / 3.78541
United States,North America,2026-08,gasoline,4.058,USD,per US gallon,1,1.072,https://www.eia.gov/dnav/pet/hist/LeafHandler.ashx?n=PET&s=EMM_EPMR_PTE_NUS_DPG&f=M,monthly-average (EIA regular all formulations); USD/L = $/gal / 3.78541
United States,North America,2026-09,gasoline,4.355,USD,per US gallon,1,1.150,https://www.eia.gov/dnav/pet/hist/LeafHandler.ashx?n=PET&s=EMM_EPMR_PTE_NUS_DPG&f=M,monthly-average (EIA regular all formulations); USD/L = $/gal / 3.78541
United States,North America,2026-01,diesel,3.523,USD,per US gallon,1,0.931,https://www.eia.gov/dnav/pet/hist/LeafHandler.ashx?n=PET&s=EMD_EPD2D_PTE_NUS_DPG&f=M,monthly-average (EIA No.2 on-highway diesel); USD/L = $/gal / 3.78541
United States,North America,2026-02,diesel,3.722,USD,per US gallon,1,0.983,https://www.eia.gov/dnav/pet/hist/LeafHandler.ashx?n=PET&s=EMD_EPD2D_PTE_NUS_DPG&f=M,monthly-average (EIA No.2 on-highway diesel); USD/L = $/gal / 3.78541
United States,North America,2026-03,diesel,4.921,USD,per US gallon,1,1.300,https://www.eia.gov/dnav/pet/hist/LeafHandler.ashx?n=PET&s=EMD_EPD2D_PTE_NUS_DPG&f=M,monthly-average (EIA No.2 on-highway diesel); USD/L = $/gal / 3.78541
United States,North America,2026-04,diesel,5.501,USD,per US gallon,1,1.453,https://www.eia.gov/dnav/pet/hist/LeafHandler.ashx?n=PET&s=EMD_EPD2D_PTE_NUS_DPG&f=M,monthly-average (EIA No.2 on-highway diesel); USD/L = $/gal / 3.78541
United States,North America,2026-05,diesel,5.6,USD,per US gallon,1,1.479,https://www.eia.gov/dnav/pet/hist/LeafHandler.ashx?n=PET&s=EMD_EPD2D_PTE_NUS_DPG&f=M,monthly-average (EIA No.2 on-highway diesel); USD/L = $/gal / 3.78541
United States,North America,2026-06,diesel,5.024,USD,per US gallon,1,1.327,https://www.eia.gov/dnav/pet/hist/LeafHandler.ashx?n=PET&s=EMD_EPD2D_PTE_NUS_DPG&f=M,monthly-average (EIA No.2 on-highway diesel); USD/L = $/gal / 3.78541
United States,North America,2026-07,diesel,4.955,USD,per US gallon,1,1.309,https://www.eia.gov/dnav/pet/hist/LeafHandler.ashx?n=PET&s=EMD_EPD2D_PTE_NUS_DPG&f=M,monthly-average (EIA No.2 on-highway diesel); USD/L = $/gal / 3.78541
United States,North America,2026-08,diesel,5.462,USD,per US gallon,1,1.443,https://www.eia.gov/dnav/pet/hist/LeafHandler.ashx?n=PET&s=EMD_EPD2D_PTE_NUS_DPG&f=M,monthly-average (EIA No.2 on-highway diesel); USD/L = $/gal / 3.78541
United States,North America,2026-09,diesel,6.291,USD,per US gallon,1,1.662,https://www.eia.gov/dnav/pet/hist/LeafHandler.ashx?n=PET&s=EMD_EPD2D_PTE_NUS_DPG&f=M,monthly-average (EIA No.2 on-highway diesel); USD/L = $/gal / 3.78541
United States,North America,2026-09-28,gasoline,4.465,USD,per US gallon,1,1.180,https://www.eia.gov/petroleum/gasdiesel/,"point-in-time (EIA weekly, latest)"
United States,North America,2026-09-28,diesel,6.382,USD,per US gallon,1,1.686,https://www.eia.gov/petroleum/gasdiesel/,"point-in-time (EIA weekly, latest)"
United Kingdom,Europe,2026-01,gasoline,133.24,GBP,pence per litre,0.740150,1.800,https://assets.publishing.service.gov.uk/media/6aba69e2a9c3d267bcccefa8/CSV__2018_-__.csv,"monthly-average computed as mean of 4 weekly Monday readings (DESNZ weekly road fuel prices, ULSP)"
United Kingdom,Europe,2026-01,diesel,142.47,GBP,pence per litre,0.740150,1.925,https://assets.publishing.service.gov.uk/media/6aba69e2a9c3d267bcccefa8/CSV__2018_-__.csv,"monthly-average computed as mean of 4 weekly Monday readings (DESNZ, ULSD)"
United Kingdom,Europe,2026-02,gasoline,131.6,GBP,pence per litre,0.736049,1.788,https://assets.publishing.service.gov.uk/media/6aba69e2a9c3d267bcccefa8/CSV__2018_-__.csv,"monthly-average computed as mean of 4 weekly Monday readings (DESNZ weekly road fuel prices, ULSP)"
United Kingdom,Europe,2026-02,diesel,141.12,GBP,pence per litre,0.736049,1.917,https://assets.publishing.service.gov.uk/media/6aba69e2a9c3d267bcccefa8/CSV__2018_-__.csv,"monthly-average computed as mean of 4 weekly Monday readings (DESNZ, ULSD)"
United Kingdom,Europe,2026-03,gasoline,140.21,GBP,pence per litre,0.749518,1.871,https://assets.publishing.service.gov.uk/media/6aba69e2a9c3d267bcccefa8/CSV__2018_-__.csv,"monthly-average computed as mean of 5 weekly Monday readings (DESNZ weekly road fuel prices, ULSP)"
United Kingdom,Europe,2026-03,diesel,158.67,GBP,pence per litre,0.749518,2.117,https://assets.publishing.service.gov.uk/media/6aba69e2a9c3d267bcccefa8/CSV__2018_-__.csv,"monthly-average computed as mean of 5 weekly Monday readings (DESNZ, ULSD)"
United Kingdom,Europe,2026-04,gasoline,156.86,GBP,pence per litre,0.744516,2.107,https://assets.publishing.service.gov.uk/media/6aba69e2a9c3d267bcccefa8/CSV__2018_-__.csv,"monthly-average computed as mean of 4 weekly Monday readings (DESNZ weekly road fuel prices, ULSP)"
United Kingdom,Europe,2026-04,diesel,189.99,GBP,pence per litre,0.744516,2.552,https://assets.publishing.service.gov.uk/media/6aba69e2a9c3d267bcccefa8/CSV__2018_-__.csv,"monthly-average computed as mean of 4 weekly Monday readings (DESNZ, ULSD)"
United Kingdom,Europe,2026-05,gasoline,157.45,GBP,pence per litre,0.741241,2.124,https://assets.publishing.service.gov.uk/media/6aba69e2a9c3d267bcccefa8/CSV__2018_-__.csv,"monthly-average computed as mean of 4 weekly Monday readings (DESNZ weekly road fuel prices, ULSP)"
United Kingdom,Europe,2026-05,diesel,187.14,GBP,pence per litre,0.741241,2.525,https://assets.publishing.service.gov.uk/media/6aba69e2a9c3d267bcccefa8/CSV__2018_-__.csv,"monthly-average computed as mean of 4 weekly Monday readings (DESNZ, ULSD)"
United Kingdom,Europe,2026-06,gasoline,155.3,GBP,pence per litre,0.750722,2.069,https://assets.publishing.service.gov.uk/media/6aba69e2a9c3d267bcccefa8/CSV__2018_-__.csv,"monthly-average computed as mean of 5 weekly Monday readings (DESNZ weekly road fuel prices, ULSP)"
United Kingdom,Europe,2026-06,diesel,176.44,GBP,pence per litre,0.750722,2.350,https://assets.publishing.service.gov.uk/media/6aba69e2a9c3d267bcccefa8/CSV__2018_-__.csv,"monthly-average computed as mean of 5 weekly Monday readings (DESNZ, ULSD)"
United Kingdom,Europe,2026-07,gasoline,152.19,GBP,pence per litre,0.747601,2.036,https://assets.publishing.service.gov.uk/media/6aba69e2a9c3d267bcccefa8/CSV__2018_-__.csv,"monthly-average computed as mean of 4 weekly Monday readings (DESNZ weekly road fuel prices, ULSP)"
United Kingdom,Europe,2026-07,diesel,167.59,GBP,pence per litre,0.747601,2.242,https://assets.publishing.service.gov.uk/media/6aba69e2a9c3d267bcccefa8/CSV__2018_-__.csv,"monthly-average computed as mean of 4 weekly Monday readings (DESNZ, ULSD)"
United Kingdom,Europe,2026-08,gasoline,161.42,GBP,pence per litre,0.738648,2.185,https://assets.publishing.service.gov.uk/media/6aba69e2a9c3d267bcccefa8/CSV__2018_-__.csv,"monthly-average computed as mean of 5 weekly Monday readings (DESNZ weekly road fuel prices, ULSP)"
United Kingdom,Europe,2026-08,diesel,181.98,GBP,pence per litre,0.738648,2.464,https://assets.publishing.service.gov.uk/media/6aba69e2a9c3d267bcccefa8/CSV__2018_-__.csv,"monthly-average computed as mean of 5 weekly Monday readings (DESNZ, ULSD)"
United Kingdom,Europe,2026-09,gasoline,169.5,GBP,pence per litre,0.745193,2.275,https://assets.publishing.service.gov.uk/media/6aba69e2a9c3d267bcccefa8/CSV__2018_-__.csv,"monthly-average computed as mean of 4 weekly Monday readings (DESNZ weekly road fuel prices, ULSP)"
United Kingdom,Europe,2026-09,diesel,192.55,GBP,pence per litre,0.745193,2.584,https://assets.publishing.service.gov.uk/media/6aba69e2a9c3d267bcccefa8/CSV__2018_-__.csv,"monthly-average computed as mean of 4 weekly Monday readings (DESNZ, ULSD)"
United Kingdom,Europe,2026-02-23,gasoline,131.71,GBP,pence per litre,0.736049,1.789,https://assets.publishing.service.gov.uk/media/6aba69e2a9c3d267bcccefa8/CSV__2018_-__.csv,point-in-time (last pre-war weekly reading)
United Kingdom,Europe,2026-09-28,gasoline,173.46,GBP,pence per litre,0.745193,2.328,https://assets.publishing.service.gov.uk/media/6aba69e2a9c3d267bcccefa8/CSV__2018_-__.csv,point-in-time (latest weekly reading; highest of 2026 so far)
United Kingdom,Europe,2026-09-28,diesel,197.58,GBP,pence per litre,0.745193,2.651,https://assets.publishing.service.gov.uk/media/6aba69e2a9c3d267bcccefa8/CSV__2018_-__.csv,point-in-time (latest weekly reading; highest of 2026 so far)
Germany,Europe,2026-01,gasoline,1.739,EUR,per litre,0.852447,2.040,https://www.adac.de/verkehr/tanken-kraftstoff-antrieb/deutschland/kraftstoffpreisentwicklung/,"monthly-average (ADAC, Super E10)"
Germany,Europe,2026-02,gasoline,1.76,EUR,per litre,0.845477,2.082,https://www.adac.de/verkehr/tanken-kraftstoff-antrieb/deutschland/kraftstoffpreisentwicklung/,"monthly-average (ADAC, Super E10)"
Germany,Europe,2026-03,gasoline,2.022,EUR,per litre,0.864198,2.340,https://www.adac.de/verkehr/tanken-kraftstoff-antrieb/deutschland/kraftstoffpreisentwicklung/,"monthly-average (ADAC, Super E10)"
Germany,Europe,2026-04,gasoline,2.109,EUR,per litre,0.855699,2.465,https://www.adac.de/verkehr/tanken-kraftstoff-antrieb/deutschland/kraftstoffpreisentwicklung/,"monthly-average (ADAC, Super E10)"
Germany,Europe,2026-05,gasoline,1.983,EUR,per litre,0.856116,2.316,https://www.adac.de/verkehr/tanken-kraftstoff-antrieb/deutschland/kraftstoffpreisentwicklung/,"monthly-average (ADAC, Super E10)"
Germany,Europe,2026-06,gasoline,1.87,EUR,per litre,0.868840,2.152,https://www.adac.de/verkehr/tanken-kraftstoff-antrieb/deutschland/kraftstoffpreisentwicklung/,"monthly-average (ADAC, Super E10)"
Germany,Europe,2026-07,gasoline,2.099,EUR,per litre,0.875735,2.397,https://www.adac.de/verkehr/tanken-kraftstoff-antrieb/deutschland/kraftstoffpreisentwicklung/,"monthly-average (ADAC, Super E10)"
Germany,Europe,2026-08,gasoline,2.145,EUR,per litre,0.862922,2.486,https://www.adac.de/verkehr/tanken-kraftstoff-antrieb/deutschland/kraftstoffpreisentwicklung/,"monthly-average (ADAC, Super E10)"
Germany,Europe,2026-09,gasoline,2.266,EUR,per litre,0.868130,2.610,https://www.adac.de/verkehr/tanken-kraftstoff-antrieb/deutschland/kraftstoffpreisentwicklung/,"monthly-average (ADAC, Super E10)"
Germany,Europe,2026-01,diesel,1.692,EUR,per litre,0.852447,1.985,https://www.adac.de/verkehr/tanken-kraftstoff-antrieb/deutschland/kraftstoffpreisentwicklung/,monthly-average (ADAC)
Germany,Europe,2026-02,diesel,1.722,EUR,per litre,0.845477,2.037,https://www.adac.de/verkehr/tanken-kraftstoff-antrieb/deutschland/kraftstoffpreisentwicklung/,monthly-average (ADAC)
Germany,Europe,2026-03,diesel,2.164,EUR,per litre,0.864198,2.504,https://www.adac.de/verkehr/tanken-kraftstoff-antrieb/deutschland/kraftstoffpreisentwicklung/,monthly-average (ADAC)
Germany,Europe,2026-04,diesel,2.263,EUR,per litre,0.855699,2.645,https://www.adac.de/verkehr/tanken-kraftstoff-antrieb/deutschland/kraftstoffpreisentwicklung/,monthly-average (ADAC)
Germany,Europe,2026-05,diesel,1.991,EUR,per litre,0.856116,2.326,https://www.adac.de/verkehr/tanken-kraftstoff-antrieb/deutschland/kraftstoffpreisentwicklung/,monthly-average (ADAC)
Germany,Europe,2026-06,diesel,1.818,EUR,per litre,0.868840,2.092,https://www.adac.de/verkehr/tanken-kraftstoff-antrieb/deutschland/kraftstoffpreisentwicklung/,monthly-average (ADAC)
Germany,Europe,2026-07,diesel,2.097,EUR,per litre,0.875735,2.395,https://www.adac.de/verkehr/tanken-kraftstoff-antrieb/deutschland/kraftstoffpreisentwicklung/,monthly-average (ADAC)
Germany,Europe,2026-08,diesel,2.223,EUR,per litre,0.862922,2.576,https://www.adac.de/verkehr/tanken-kraftstoff-antrieb/deutschland/kraftstoffpreisentwicklung/,monthly-average (ADAC)
Germany,Europe,2026-09,diesel,2.386,EUR,per litre,0.868130,2.748,https://www.adac.de/verkehr/tanken-kraftstoff-antrieb/deutschland/kraftstoffpreisentwicklung/,monthly-average (ADAC)
Germany,Europe,2026-09-16,gasoline,2.314,EUR,per litre,0.868130,2.665,https://www.adac.de/verkehr/tanken-kraftstoff-antrieb/deutschland/kraftstoffpreisentwicklung/,"point-in-time (ADAC record daily high, Super E10)"
Germany,Europe,2026-09-17,diesel,2.471,EUR,per litre,0.868130,2.846,https://www.adac.de/verkehr/tanken-kraftstoff-antrieb/deutschland/kraftstoffpreisentwicklung/,point-in-time (ADAC record daily high)
France,Europe,2026-01,gasoline,1.696,EUR,per litre,0.852447,1.990,https://prix-carburant.eu/barometre-mensuel-2026-01,"monthly-average (prix-carburant.eu barometer, SP95-E10)"
France,Europe,2026-01,diesel,1.663,EUR,per litre,0.852447,1.951,https://prix-carburant.eu/barometre-mensuel-2026-01,"monthly-average (prix-carburant.eu barometer, gazole)"
France,Europe,2026-02,gasoline,1.708,EUR,per litre,0.845477,2.020,https://prix-carburant.eu/barometre-mensuel-2026-02,"monthly-average (prix-carburant.eu barometer, SP95-E10)"
France,Europe,2026-02,diesel,1.7,EUR,per litre,0.845477,2.011,https://prix-carburant.eu/barometre-mensuel-2026-02,"monthly-average (prix-carburant.eu barometer, gazole)"
France,Europe,2026-03,gasoline,1.897,EUR,per litre,0.864198,2.195,https://prix-carburant.eu/barometre-mensuel-2026-03,"monthly-average (prix-carburant.eu barometer, SP95-E10)"
France,Europe,2026-03,diesel,2.053,EUR,per litre,0.864198,2.376,https://prix-carburant.eu/barometre-mensuel-2026-03,"monthly-average (prix-carburant.eu barometer, gazole)"
France,Europe,2026-04,gasoline,1.994,EUR,per litre,0.855699,2.330,https://prix-carburant.eu/barometre-mensuel-2026-04,"monthly-average (prix-carburant.eu barometer, SP95-E10)"
France,Europe,2026-04,diesel,2.248,EUR,per litre,0.855699,2.627,https://prix-carburant.eu/barometre-mensuel-2026-04,"monthly-average (prix-carburant.eu barometer, gazole)"
France,Europe,2026-05,gasoline,2.037,EUR,per litre,0.856116,2.379,https://prix-carburant.eu/barometre-mensuel-2026-05,"monthly-average (prix-carburant.eu barometer, SP95-E10)"
France,Europe,2026-05,diesel,2.139,EUR,per litre,0.856116,2.498,https://prix-carburant.eu/barometre-mensuel-2026-05,"monthly-average (prix-carburant.eu barometer, gazole)"
France,Europe,2026-06,gasoline,1.935,EUR,per litre,0.868840,2.227,https://prix-carburant.eu/barometre-mensuel-2026-06,"monthly-average (prix-carburant.eu barometer, SP95-E10)"
France,Europe,2026-06,diesel,1.966,EUR,per litre,0.868840,2.263,https://prix-carburant.eu/barometre-mensuel-2026-06,"monthly-average (prix-carburant.eu barometer, gazole)"
France,Europe,2026-07,gasoline,1.97,EUR,per litre,0.875735,2.250,https://prix-carburant.eu/barometre-mensuel-2026-07,"monthly-average (prix-carburant.eu barometer, SP95-E10)"
France,Europe,2026-07,diesel,2.054,EUR,per litre,0.875735,2.345,https://prix-carburant.eu/barometre-mensuel-2026-07,"monthly-average (prix-carburant.eu barometer, gazole)"
France,Europe,2026-08,gasoline,2.009,EUR,per litre,0.862922,2.328,https://prix-carburant.eu/barometre-mensuel-2026-08,"monthly-average (prix-carburant.eu barometer, SP95-E10)"
France,Europe,2026-08,diesel,2.217,EUR,per litre,0.862922,2.569,https://prix-carburant.eu/barometre-mensuel-2026-08,"monthly-average (prix-carburant.eu barometer, gazole)"
France,Europe,2026-09,gasoline,2.121,EUR,per litre,0.868130,2.443,https://prix-carburant.eu/barometre-mensuel-2026-09,"monthly-average (prix-carburant.eu barometer, SP95-E10)"
France,Europe,2026-09,diesel,2.324,EUR,per litre,0.868130,2.677,https://prix-carburant.eu/barometre-mensuel-2026-09,"monthly-average (prix-carburant.eu barometer, gazole)"
Canada,North America,2026-01,gasoline,135.4,CAD,cents per litre,1.378661,0.982,https://kalibrate.com/insights/blog/january-2026-kalibrates-canadian-petroleum-price-snapshot/,"point-in-time: END-OF-MONTH national average regular (Kalibrate), not a monthly average"
Canada,North America,2026-01,diesel,163.9,CAD,cents per litre,1.378661,1.189,https://kalibrate.com/insights/blog/january-2026-kalibrates-canadian-petroleum-price-snapshot/,"point-in-time: END-OF-MONTH national average (Kalibrate), not a monthly average"
Canada,North America,2026-02,gasoline,141.8,CAD,cents per litre,1.364928,1.039,https://kalibrate.com/insights/blog/february-2026-kalibrates-canadian-petroleum-price-snapshot/,"point-in-time: END-OF-MONTH national average regular (Kalibrate), not a monthly average"
Canada,North America,2026-02,diesel,169.3,CAD,cents per litre,1.364928,1.240,https://kalibrate.com/insights/blog/february-2026-kalibrates-canadian-petroleum-price-snapshot/,"point-in-time: END-OF-MONTH national average (Kalibrate), not a monthly average"
Canada,North America,2026-03,gasoline,182.9,CAD,cents per litre,1.370954,1.334,https://kalibrate.com/insights/blog/march-2026-kalibrates-canadian-petroleum-price-snapshot/,"point-in-time: END-OF-MONTH national average regular (Kalibrate), not a monthly average"
Canada,North America,2026-03,diesel,236.7,CAD,cents per litre,1.370954,1.727,https://kalibrate.com/insights/blog/march-2026-kalibrates-canadian-petroleum-price-snapshot/,"point-in-time: END-OF-MONTH national average (Kalibrate), not a monthly average"
Canada,North America,2026-04,gasoline,189.5,CAD,cents per litre,1.377656,1.376,https://kalibrate.com/insights/blog/april-2026-kalibrates-canadian-petroleum-price-snapshot/,"point-in-time: END-OF-MONTH national average regular (Kalibrate), not a monthly average"
Canada,North America,2026-04,diesel,222.1,CAD,cents per litre,1.377656,1.612,https://kalibrate.com/insights/blog/april-2026-kalibrates-canadian-petroleum-price-snapshot/,"point-in-time: END-OF-MONTH national average (Kalibrate), not a monthly average"
Canada,North America,2026-05,gasoline,176.8,CAD,cents per litre,1.371832,1.289,https://kalibrate.com/insights/blog/may-2026-kalibrates-canadian-petroleum-price-snapshot/,"point-in-time: END-OF-MONTH national average regular (Kalibrate), not a monthly average"
Canada,North America,2026-05,diesel,206.0,CAD,cents per litre,1.371832,1.502,https://kalibrate.com/insights/blog/may-2026-kalibrates-canadian-petroleum-price-snapshot/,"point-in-time: END-OF-MONTH national average (Kalibrate), not a monthly average"
Canada,North America,2026-06,gasoline,167.0,CAD,cents per litre,1.403992,1.189,https://kalibrate.com/insights/blog/june-2026-kalibrates-canadian-petroleum-price-snapshot/,"point-in-time: END-OF-MONTH national average regular (Kalibrate), not a monthly average"
Canada,North America,2026-06,diesel,189.9,CAD,cents per litre,1.403992,1.353,https://kalibrate.com/insights/blog/june-2026-kalibrates-canadian-petroleum-price-snapshot/,"point-in-time: END-OF-MONTH national average (Kalibrate), not a monthly average"
Canada,North America,2026-07,gasoline,185.3,CAD,cents per litre,1.411938,1.312,https://kalibrate.com/insights/blog/july-2026-kalibrates-canadian-petroleum-price-snapshot/,"point-in-time: END-OF-MONTH national average regular (Kalibrate), not a monthly average"
Canada,North America,2026-07,diesel,230.6,CAD,cents per litre,1.411938,1.633,https://kalibrate.com/insights/blog/july-2026-kalibrates-canadian-petroleum-price-snapshot/,"point-in-time: END-OF-MONTH national average (Kalibrate), not a monthly average"
Canada,North America,2026-08,gasoline,184.3,CAD,cents per litre,1.390899,1.325,https://kalibrate.com/insights/blog/august-2026-kalibrates-canadian-petroleum-price-snapshot/,"point-in-time: END-OF-MONTH national average regular (Kalibrate), not a monthly average"
Canada,North America,2026-08,diesel,236.8,CAD,cents per litre,1.390899,1.702,https://kalibrate.com/insights/blog/august-2026-kalibrates-canadian-petroleum-price-snapshot/,"point-in-time: END-OF-MONTH national average (Kalibrate), not a monthly average"
Canada,North America,2026-09-29,gasoline,189,CAD,cents per litre,1.395488,1.354,https://www.finder.com/ca/research/canadian-gas-prices,"point-in-time (Finder citing Kalibrate weekly national average, rounded to the cent)"
Canada,North America,2026-09-16,gasoline,177.6,CAD,cents per litre,1.395488,1.273,https://northernstay.com/canada-gas-prices-2026,point-in-time (CAA national average as quoted by secondary site)
Canada,North America,2026-05-15,gasoline,198.4,CAD,cents per litre,1.371832,1.446,https://kalibrate.com/insights/blog/may-2026-kalibrates-canadian-petroleum-price-snapshot/,"point-in-time PEAK ('mid-month' May 2026, exact day not given; highest since July 2022)"
Canada,North America,2026-09,diesel,MISSING,CAD,cents per litre,,,,MISSING - no verified September national diesel figure found (Kalibrate Sept snapshot not yet published)
India,Asia,2026-01,gasoline,94.77,INR,per litre,90.732076,1.045,https://sundayguardianlive.com/business/fuel-prices-today-3-april-2026-petrol-diesel-hold-steady-at-9477l-8767l-in-delhi-brent-crude-slides-further-as-de-escalation-hopes-build-check-city-wise-rates-181026/,monthly-average = administered flat price (Delhi petrol frozen at 94.77 from Mar-2024 until 15-May-2026)
India,Asia,2026-01,diesel,87.67,INR,per litre,90.732076,0.966,https://sundayguardianlive.com/business/fuel-prices-today-3-april-2026-petrol-diesel-hold-steady-at-9477l-8767l-in-delhi-brent-crude-slides-further-as-de-escalation-hopes-build-check-city-wise-rates-181026/,monthly-average = administered flat price (Delhi diesel frozen until 15-May-2026)
India,Asia,2026-02,gasoline,94.77,INR,per litre,90.765001,1.044,https://sundayguardianlive.com/business/fuel-prices-today-3-april-2026-petrol-diesel-hold-steady-at-9477l-8767l-in-delhi-brent-crude-slides-further-as-de-escalation-hopes-build-check-city-wise-rates-181026/,monthly-average = administered flat price (Delhi petrol frozen at 94.77 from Mar-2024 until 15-May-2026)
India,Asia,2026-02,diesel,87.67,INR,per litre,90.765001,0.966,https://sundayguardianlive.com/business/fuel-prices-today-3-april-2026-petrol-diesel-hold-steady-at-9477l-8767l-in-delhi-brent-crude-slides-further-as-de-escalation-hopes-build-check-city-wise-rates-181026/,monthly-average = administered flat price (Delhi diesel frozen until 15-May-2026)
India,Asia,2026-03,gasoline,94.77,INR,per litre,92.898104,1.020,https://sundayguardianlive.com/business/fuel-prices-today-3-april-2026-petrol-diesel-hold-steady-at-9477l-8767l-in-delhi-brent-crude-slides-further-as-de-escalation-hopes-build-check-city-wise-rates-181026/,monthly-average = administered flat price (Delhi petrol frozen at 94.77 from Mar-2024 until 15-May-2026)
India,Asia,2026-03,diesel,87.67,INR,per litre,92.898104,0.944,https://sundayguardianlive.com/business/fuel-prices-today-3-april-2026-petrol-diesel-hold-steady-at-9477l-8767l-in-delhi-brent-crude-slides-further-as-de-escalation-hopes-build-check-city-wise-rates-181026/,monthly-average = administered flat price (Delhi diesel frozen until 15-May-2026)
India,Asia,2026-04,gasoline,94.77,INR,per litre,93.396956,1.015,https://sundayguardianlive.com/business/fuel-prices-today-3-april-2026-petrol-diesel-hold-steady-at-9477l-8767l-in-delhi-brent-crude-slides-further-as-de-escalation-hopes-build-check-city-wise-rates-181026/,monthly-average = administered flat price (Delhi petrol frozen at 94.77 from Mar-2024 until 15-May-2026)
India,Asia,2026-04,diesel,87.67,INR,per litre,93.396956,0.939,https://sundayguardianlive.com/business/fuel-prices-today-3-april-2026-petrol-diesel-hold-steady-at-9477l-8767l-in-delhi-brent-crude-slides-further-as-de-escalation-hopes-build-check-city-wise-rates-181026/,monthly-average = administered flat price (Delhi diesel frozen until 15-May-2026)
India,Asia,2026-05,gasoline,97.54,INR,per litre,95.440473,1.022,https://www.millenniumpost.in/big-stories/petrol-hits-rs-102-in-delhi-after-fourth-hike-in-11-days-661559,monthly-average COMPUTED day-weighted from announced revisions (94.77 to 14 May; 97.77 from 15 May; ~98.64 from 19 May [derived]; 99.51 from 23 May; 102.12 from 26 May)
India,Asia,2026-05,diesel,90.49,INR,per litre,95.440473,0.948,https://www.millenniumpost.in/big-stories/petrol-hits-rs-102-in-delhi-after-fourth-hike-in-11-days-661559,monthly-average COMPUTED day-weighted from announced revisions (87.67; 90.67 from 15 May; ~91.58 from 19 May [derived]; 92.49 from 23 May; 95.20 from 26 May)
India,Asia,2026-06,gasoline,102.12,INR,per litre,94.995083,1.075,https://www.thehansindia.com/business/market-compass/petrol-and-diesel-prices-today-in-hyderabad-delhi-chennai-and-mumbai-on-30-september-2026-1127240,"monthly-average = administered flat price (Delhi, unchanged since 26-May-2026; confirmed 12-Jul, 26-Sep, 30-Sep)"
India,Asia,2026-06,diesel,95.2,INR,per litre,94.995083,1.002,https://www.thehansindia.com/business/market-compass/petrol-and-diesel-prices-today-in-hyderabad-delhi-chennai-and-mumbai-on-30-september-2026-1127240,"monthly-average = administered flat price (Delhi, unchanged since 26-May-2026)"
India,Asia,2026-07,gasoline,102.12,INR,per litre,95.915628,1.065,https://www.thehansindia.com/business/market-compass/petrol-and-diesel-prices-today-in-hyderabad-delhi-chennai-and-mumbai-on-30-september-2026-1127240,"monthly-average = administered flat price (Delhi, unchanged since 26-May-2026; confirmed 12-Jul, 26-Sep, 30-Sep)"
India,Asia,2026-07,diesel,95.2,INR,per litre,95.915628,0.993,https://www.thehansindia.com/business/market-compass/petrol-and-diesel-prices-today-in-hyderabad-delhi-chennai-and-mumbai-on-30-september-2026-1127240,"monthly-average = administered flat price (Delhi, unchanged since 26-May-2026)"
India,Asia,2026-08,gasoline,102.12,INR,per litre,95.433957,1.070,https://www.thehansindia.com/business/market-compass/petrol-and-diesel-prices-today-in-hyderabad-delhi-chennai-and-mumbai-on-30-september-2026-1127240,"monthly-average = administered flat price (Delhi, unchanged since 26-May-2026; confirmed 12-Jul, 26-Sep, 30-Sep)"
India,Asia,2026-08,diesel,95.2,INR,per litre,95.433957,0.998,https://www.thehansindia.com/business/market-compass/petrol-and-diesel-prices-today-in-hyderabad-delhi-chennai-and-mumbai-on-30-september-2026-1127240,"monthly-average = administered flat price (Delhi, unchanged since 26-May-2026)"
India,Asia,2026-09,gasoline,102.12,INR,per litre,95.452525,1.070,https://www.thehansindia.com/business/market-compass/petrol-and-diesel-prices-today-in-hyderabad-delhi-chennai-and-mumbai-on-30-september-2026-1127240,"monthly-average = administered flat price (Delhi, unchanged since 26-May-2026; confirmed 12-Jul, 26-Sep, 30-Sep)"
India,Asia,2026-09,diesel,95.2,INR,per litre,95.452525,0.997,https://www.thehansindia.com/business/market-compass/petrol-and-diesel-prices-today-in-hyderabad-delhi-chennai-and-mumbai-on-30-september-2026-1127240,"monthly-average = administered flat price (Delhi, unchanged since 26-May-2026)"
China,Asia,2026-02-09,gasoline,7.29,CNY,per litre,6.913588,1.054,https://www.globalpetrolprices.com/China/gasoline_prices/,"point-in-time (GlobalPetrolPrices, 95-octane; shown as 'one month ago' on the 9-Mar-2026 snapshot)"
China,Asia,2026-03-09,gasoline,8.21,CNY,per litre,6.892819,1.191,https://www.globalpetrolprices.com/China/gasoline_prices/,"point-in-time (GlobalPetrolPrices, 95-octane)"
China,Asia,2026-09-28,gasoline,9.266,CNY,per litre,6.710129,1.381,https://dailyfuels.com/china/,point-in-time latest (dailyfuels 4-Oct; matches GlobalPetrolPrices 28-Sep USD 1.379; 95-octane; highest verified level - true peak date not verified)
China,Asia,2026-02-09,diesel,6.41,CNY,per litre,6.913588,0.927,https://www.globalpetrolprices.com/China/diesel_prices/,point-in-time (GlobalPetrolPrices)
China,Asia,2026-09-28,diesel,8.326,CNY,per litre,6.710129,1.241,https://dailyfuels.com/china/,"point-in-time latest (dailyfuels 4-Oct, aggregator)"
China,Asia,2026-01,gasoline,MISSING,CNY,per litre,,,,MISSING - no national monthly-average pump series found; see point-in-time rows
China,Asia,2026-02,gasoline,MISSING,CNY,per litre,,,,MISSING - no national monthly-average pump series found; see point-in-time rows
China,Asia,2026-03,gasoline,MISSING,CNY,per litre,,,,MISSING - no national monthly-average pump series found; see point-in-time rows
China,Asia,2026-04,gasoline,MISSING,CNY,per litre,,,,MISSING - no national monthly-average pump series found; see point-in-time rows
China,Asia,2026-05,gasoline,MISSING,CNY,per litre,,,,MISSING - no national monthly-average pump series found; see point-in-time rows
China,Asia,2026-06,gasoline,MISSING,CNY,per litre,,,,MISSING - no national monthly-average pump series found; see point-in-time rows
China,Asia,2026-07,gasoline,MISSING,CNY,per litre,,,,MISSING - no national monthly-average pump series found; see point-in-time rows
China,Asia,2026-08,gasoline,MISSING,CNY,per litre,,,,MISSING - no national monthly-average pump series found; see point-in-time rows
China,Asia,2026-09,gasoline,MISSING,CNY,per litre,,,,MISSING - no national monthly-average pump series found; see point-in-time rows
Japan,Asia,2026-01,gasoline,155.2,JPY,per litre,156.805380,0.990,https://pps-net.org/oilstand,"monthly-average (pps-net.org from METI/ANRE weekly survey, regular)"
Japan,Asia,2026-01,diesel,143.5,JPY,per litre,156.805380,0.915,https://pps-net.org/oilstand,monthly-average (pps-net.org from METI/ANRE weekly survey)
Japan,Asia,2026-02,gasoline,156.2,JPY,per litre,155.037854,1.007,https://pps-net.org/oilstand,"monthly-average (pps-net.org from METI/ANRE weekly survey, regular)"
Japan,Asia,2026-02,diesel,144.5,JPY,per litre,155.037854,0.932,https://pps-net.org/oilstand,monthly-average (pps-net.org from METI/ANRE weekly survey)
Japan,Asia,2026-03,gasoline,171.8,JPY,per litre,158.701643,1.083,https://pps-net.org/oilstand,"monthly-average (pps-net.org from METI/ANRE weekly survey, regular)"
Japan,Asia,2026-03,diesel,160.0,JPY,per litre,158.701643,1.008,https://pps-net.org/oilstand,monthly-average (pps-net.org from METI/ANRE weekly survey)
Japan,Asia,2026-04,gasoline,168.5,JPY,per litre,159.240466,1.058,https://pps-net.org/oilstand,"monthly-average (pps-net.org from METI/ANRE weekly survey, regular)"
Japan,Asia,2026-04,diesel,157.8,JPY,per litre,159.240466,0.991,https://pps-net.org/oilstand,monthly-average (pps-net.org from METI/ANRE weekly survey)
Japan,Asia,2026-05,gasoline,169.3,JPY,per litre,158.156295,1.070,https://pps-net.org/oilstand,"monthly-average (pps-net.org from METI/ANRE weekly survey, regular)"
Japan,Asia,2026-05,diesel,158.6,JPY,per litre,158.156295,1.003,https://pps-net.org/oilstand,monthly-average (pps-net.org from METI/ANRE weekly survey)
Japan,Asia,2026-06,gasoline,169.7,JPY,per litre,160.739132,1.056,https://pps-net.org/oilstand,"monthly-average (pps-net.org from METI/ANRE weekly survey, regular)"
Japan,Asia,2026-06,diesel,159.0,JPY,per litre,160.739132,0.989,https://pps-net.org/oilstand,monthly-average (pps-net.org from METI/ANRE weekly survey)
Japan,Asia,2026-07,gasoline,170.0,JPY,per litre,162.488759,1.046,https://pps-net.org/oilstand,"monthly-average (pps-net.org from METI/ANRE weekly survey, regular)"
Japan,Asia,2026-07,diesel,159.3,JPY,per litre,162.488759,0.980,https://pps-net.org/oilstand,monthly-average (pps-net.org from METI/ANRE weekly survey)
Japan,Asia,2026-08,gasoline,170.0,JPY,per litre,158.797918,1.071,https://pps-net.org/oilstand,"monthly-average (pps-net.org from METI/ANRE weekly survey, regular)"
Japan,Asia,2026-08,diesel,159.4,JPY,per litre,158.797918,1.004,https://pps-net.org/oilstand,monthly-average (pps-net.org from METI/ANRE weekly survey)
Japan,Asia,2026-09,gasoline,MISSING,JPY,per litre,,,https://pps-net.org/oilstand,MISSING - September monthly average not yet published; weekly readings 170.0 (7 Sep) 169.9 (14 Sep) 170.2 (28 Sep)
Japan,Asia,2026-01-19,gasoline,154.7,JPY,per litre,156.805380,0.987,https://oil-stat.com/,"point-in-time (2026 weekly low, pre-war)"
Japan,Asia,2026-03-16,gasoline,190.8,JPY,per litre,158.701643,1.202,https://www.nippon.com/en/japan-data/h02741/,point-in-time PEAK (record weekly national average)
Japan,Asia,2026-09-28,gasoline,170.2,JPY,per litre,156.352233,1.089,https://opengov.jp/en/prices/gasoline/,point-in-time latest (METI/ANRE weekly survey); 221.2 without subsidy per nenryo-teigakuhikisage.go.jp
Japan,Asia,2026-09-28,diesel,159.5,JPY,per litre,156.352233,1.020,https://opengov.jp/en/prices/gasoline/,point-in-time latest (opengov.jp; pps-net shows 159.3)
Nigeria,Africa,2026-01,gasoline,1034.76,NGN,per litre,1418.280000,0.730,https://nairametrics.com/2026/02/27/average-retail-petrol-price-drops-17-77-to-n1034-76-in-january-2026-nbs/,monthly-average (NBS PMS Price Watch national average); FX exchange-rates.org monthly avg
Nigeria,Africa,2026-02,gasoline,1051.47,NGN,per litre,1357.790000,0.774,https://bizwatchnigeria.ng/nbs-february-2026-petrol-diesel-price-watch-report/,monthly-average (NBS PMS Price Watch national average); FX exchange-rates.org monthly avg
Nigeria,Africa,2026-03,gasoline,1288.54,NGN,per litre,1374.410000,0.938,https://thewhistler.ng/petrol-price-hits-%E2%82%A61596-litre-as-north-west-records-lowest-pms-cost/,monthly-average (NBS PMS Price Watch national average); FX exchange-rates.org monthly avg
Nigeria,Africa,2026-04,gasoline,1532.93,NGN,per litre,1362.360000,1.125,https://www.channelstv.com/2026/05/30/average-petrol-price-hits-%E2%82%A61532-per-litre/,monthly-average (NBS PMS Price Watch national average); FX exchange-rates.org monthly avg
Nigeria,Africa,2026-05,gasoline,1596.25,NGN,per litre,1368.220000,1.167,https://www.channelstv.com/2026/06/24/petrol-price-rises-by-55-to-n1596-ltr-in-may-nbs/,monthly-average (NBS PMS Price Watch national average); FX exchange-rates.org monthly avg
Nigeria,Africa,2026-06,gasoline,MISSING,NGN,per litre,,,,MISSING - NBS PMS Price Watch for this month not found
Nigeria,Africa,2026-07,gasoline,MISSING,NGN,per litre,,,,MISSING - NBS PMS Price Watch for this month not found
Nigeria,Africa,2026-08,gasoline,MISSING,NGN,per litre,,,,MISSING - NBS PMS Price Watch for this month not found
Nigeria,Africa,2026-09,gasoline,MISSING,NGN,per litre,,,,MISSING - NBS PMS Price Watch for this month not found
Nigeria,Africa,2026-02-09,gasoline,819.5,NGN,per litre,1357.790000,0.604,https://www.globalpetrolprices.com/Nigeria/gasoline_prices/,"point-in-time pre-war (GlobalPetrolPrices; tracks NNPC/Lagos-type pump price, lower than NBS national average)"
Nigeria,Africa,2026-09-07,gasoline,1289.5,NGN,per litre,1327.540000,0.971,https://www.globalpetrolprices.com/Nigeria/gasoline_prices/,point-in-time (GlobalPetrolPrices; its series high)
Nigeria,Africa,2026-09-22,gasoline,1400,NGN,per litre,1327.540000,1.055,https://www.channelstv.com/2026/09/22/fuel-at-%E2%82%A61400-subsidy-returns-to-the-ballot/,point-in-time latest (Lagos/Abuja pump price per Channels TV; up to 1500 in north)
Nigeria,Africa,2026-09,diesel,MISSING,NGN,per litre,,,,MISSING - no verified national retail diesel figure collected
South Africa,Africa,2026-01,gasoline,2075,ZAR,cents per litre,16.310714,1.272,https://fuelsindustry.org.za/consumer-information/fuel-prices-current-past/,"regulated monthly price, 95 ULP inland (Gauteng) retail, effective 1 Jan; valid until next first-Wednesday change"
South Africa,Africa,2026-01,diesel,1841.83,ZAR,cents per litre,16.310714,1.129,https://fuelsindustry.org.za/consumer-information/fuel-prices-current-past/,"regulated monthly WHOLESALE list price, diesel 0.05% S inland (Gauteng), effective 1 Jan (retail diesel is unregulated)"
South Africa,Africa,2026-02,gasoline,2010,ZAR,cents per litre,16.015282,1.255,https://fuelsindustry.org.za/consumer-information/fuel-prices-current-past/,"regulated monthly price, 95 ULP inland (Gauteng) retail, effective 4 Feb; valid until next first-Wednesday change"
South Africa,Africa,2026-02,diesel,1791.83,ZAR,cents per litre,16.015282,1.119,https://fuelsindustry.org.za/consumer-information/fuel-prices-current-past/,"regulated monthly WHOLESALE list price, diesel 0.05% S inland (Gauteng), effective 4 Feb (retail diesel is unregulated)"
South Africa,Africa,2026-03,gasoline,2030,ZAR,cents per litre,16.735281,1.213,https://fuelsindustry.org.za/consumer-information/fuel-prices-current-past/,"regulated monthly price, 95 ULP inland (Gauteng) retail, effective 4 Mar; valid until next first-Wednesday change"
South Africa,Africa,2026-03,diesel,1853.83,ZAR,cents per litre,16.735281,1.108,https://fuelsindustry.org.za/consumer-information/fuel-prices-current-past/,"regulated monthly WHOLESALE list price, diesel 0.05% S inland (Gauteng), effective 4 Mar (retail diesel is unregulated)"
South Africa,Africa,2026-04,gasoline,2336,ZAR,cents per litre,16.573367,1.409,https://fuelsindustry.org.za/consumer-information/fuel-prices-current-past/,"regulated monthly price, 95 ULP inland (Gauteng) retail, effective 1 Apr; valid until next first-Wednesday change"
South Africa,Africa,2026-04,diesel,2590.83,ZAR,cents per litre,16.573367,1.563,https://fuelsindustry.org.za/consumer-information/fuel-prices-current-past/,"regulated monthly WHOLESALE list price, diesel 0.05% S inland (Gauteng), effective 1 Apr (retail diesel is unregulated)"
South Africa,Africa,2026-05,gasoline,2663,ZAR,cents per litre,16.490603,1.615,https://fuelsindustry.org.za/consumer-information/fuel-prices-current-past/,"regulated monthly price, 95 ULP inland (Gauteng) retail, effective 6 May; valid until next first-Wednesday change"
South Africa,Africa,2026-05,diesel,3117.53,ZAR,cents per litre,16.490603,1.890,https://fuelsindustry.org.za/consumer-information/fuel-prices-current-past/,"regulated monthly WHOLESALE list price, diesel 0.05% S inland (Gauteng), effective 6 May (retail diesel is unregulated)"
South Africa,Africa,2026-06,gasoline,2806,ZAR,cents per litre,16.409617,1.710,https://fuelsindustry.org.za/consumer-information/fuel-prices-current-past/,"regulated monthly price, 95 ULP inland (Gauteng) retail, effective 3 Jun; valid until next first-Wednesday change"
South Africa,Africa,2026-06,diesel,2792.57,ZAR,cents per litre,16.409617,1.702,https://fuelsindustry.org.za/consumer-information/fuel-prices-current-past/,"regulated monthly WHOLESALE list price, diesel 0.05% S inland (Gauteng), effective 3 Jun (retail diesel is unregulated)"
South Africa,Africa,2026-07,gasoline,2610,ZAR,cents per litre,16.463755,1.585,https://fuelsindustry.org.za/consumer-information/fuel-prices-current-past/,"regulated monthly price, 95 ULP inland (Gauteng) retail, effective 1 Jul; valid until next first-Wednesday change"
South Africa,Africa,2026-07,diesel,2478.77,ZAR,cents per litre,16.463755,1.506,https://fuelsindustry.org.za/consumer-information/fuel-prices-current-past/,"regulated monthly WHOLESALE list price, diesel 0.05% S inland (Gauteng), effective 1 Jul (retail diesel is unregulated)"
South Africa,Africa,2026-08,gasoline,2558,ZAR,cents per litre,16.191863,1.580,https://fuelsindustry.org.za/consumer-information/fuel-prices-current-past/,"regulated monthly price, 95 ULP inland (Gauteng) retail, effective 5 Aug; valid until next first-Wednesday change"
South Africa,Africa,2026-08,diesel,2617.21,ZAR,cents per litre,16.191863,1.616,https://fuelsindustry.org.za/consumer-information/fuel-prices-current-past/,"regulated monthly WHOLESALE list price, diesel 0.05% S inland (Gauteng), effective 5 Aug (retail diesel is unregulated)"
South Africa,Africa,2026-09,gasoline,2692,ZAR,cents per litre,16.193461,1.662,https://fuelsindustry.org.za/consumer-information/fuel-prices-current-past/,"regulated monthly price, 95 ULP inland (Gauteng) retail, effective 2 Sep; valid until next first-Wednesday change"
South Africa,Africa,2026-09,diesel,2911.11,ZAR,cents per litre,16.193461,1.798,https://fuelsindustry.org.za/consumer-information/fuel-prices-current-past/,"regulated monthly WHOLESALE list price, diesel 0.05% S inland (Gauteng), effective 2 Sep (retail diesel is unregulated)"
Brazil,South America,2026-01,gasoline,6.32,BRL,per litre,5.352435,1.181,https://ineep.org.br/wp-content/uploads/2026/03/Boletim-de-Precos-dos-Combustiveis-n.-34.pdf,"monthly-average (ANP national average gasolina comum, as reported by INEEP bulletin)"
Brazil,South America,2026-01,diesel,6.12,BRL,per litre,5.352435,1.143,https://ineep.org.br/wp-content/uploads/2026/03/Boletim-de-Precos-dos-Combustiveis-n.-34.pdf,"monthly-average (ANP national average diesel S10, as reported by INEEP bulletin)"
Brazil,South America,2026-02,gasoline,6.3,BRL,per litre,5.206502,1.210,https://ineep.org.br/wp-content/uploads/2026/03/Boletim-de-Precos-dos-Combustiveis-n.-34.pdf,"monthly-average (ANP national average gasolina comum, as reported by INEEP bulletin)"
Brazil,South America,2026-02,diesel,6.1,BRL,per litre,5.206502,1.172,https://ineep.org.br/wp-content/uploads/2026/03/Boletim-de-Precos-dos-Combustiveis-n.-34.pdf,"monthly-average (ANP national average diesel S10, as reported by INEEP bulletin)"
Brazil,South America,2026-03,gasoline,6.59,BRL,per litre,5.239739,1.258,https://ineep.org.br/wp-content/uploads/2026/05/Boletim-de-Precos-dos-Combustiveis-n.-36.pdf,"monthly-average (ANP national average gasolina comum, as reported by INEEP bulletin)"
Brazil,South America,2026-03,diesel,7.09,BRL,per litre,5.239739,1.353,https://ineep.org.br/wp-content/uploads/2026/05/Boletim-de-Precos-dos-Combustiveis-n.-36.pdf,"monthly-average (ANP national average diesel S10, as reported by INEEP bulletin)"
Brazil,South America,2026-04,gasoline,6.74,BRL,per litre,5.045187,1.336,https://ineep.org.br/wp-content/uploads/2026/05/Boletim-de-Precos-dos-Combustiveis-n.-36.pdf,"monthly-average (ANP national average gasolina comum, as reported by INEEP bulletin)"
Brazil,South America,2026-04,diesel,7.45,BRL,per litre,5.045187,1.477,https://ineep.org.br/wp-content/uploads/2026/05/Boletim-de-Precos-dos-Combustiveis-n.-36.pdf,"monthly-average (ANP national average diesel S10, as reported by INEEP bulletin)"
Brazil,South America,2026-05,gasoline,6.64,BRL,per litre,4.992180,1.330,https://ineep.org.br/wp-content/uploads/2026/06/Boletim-de-Precos-n.-37.pdf,"monthly-average (ANP national average gasolina comum, as reported by INEEP bulletin)"
Brazil,South America,2026-05,diesel,7.18,BRL,per litre,4.992180,1.438,https://ineep.org.br/wp-content/uploads/2026/06/Boletim-de-Precos-n.-37.pdf,"monthly-average (ANP national average diesel S10, as reported by INEEP bulletin)"
Brazil,South America,2026-06,gasoline,6.62,BRL,per litre,5.134821,1.289,https://www.brasil247.com/economia/queda-do-petroleo-nao-chegou-ao-bolso-do-consumidor-em-junho-diz-ineep,"monthly-average (ANP national average gasolina comum, as reported by INEEP bulletin)"
Brazil,South America,2026-06,diesel,7.08,BRL,per litre,5.134821,1.379,https://www.brasil247.com/economia/queda-do-petroleo-nao-chegou-ao-bolso-do-consumidor-em-junho-diz-ineep,"monthly-average (ANP national average diesel S10, as reported by INEEP bulletin)"
Brazil,South America,2026-07,gasoline,6.57,BRL,per litre,5.126119,1.282,https://ineep.org.br/wp-content/uploads/2026/09/Boletim-de-Precos-n.-40.pdf,"monthly-average (ANP national average gasolina comum, as reported by INEEP bulletin)"
Brazil,South America,2026-07,diesel,6.97,BRL,per litre,5.126119,1.360,https://ineep.org.br/wp-content/uploads/2026/09/Boletim-de-Precos-n.-40.pdf,"monthly-average (ANP national average diesel S10, as reported by INEEP bulletin)"
Brazil,South America,2026-08,gasoline,6.53,BRL,per litre,5.152062,1.267,https://ineep.org.br/wp-content/uploads/2026/09/Boletim-de-Precos-n.-40.pdf,"monthly-average (ANP national average gasolina comum, as reported by INEEP bulletin)"
Brazil,South America,2026-08,diesel,6.9,BRL,per litre,5.152062,1.339,https://ineep.org.br/wp-content/uploads/2026/09/Boletim-de-Precos-n.-40.pdf,"monthly-average (ANP national average diesel S10, as reported by INEEP bulletin)"
Brazil,South America,2026-09-26,gasoline,6.592,BRL,per litre,5.141739,1.282,https://www.combustiveis-anp.com.br/,point-in-time latest (ANP weekly survey 20-26 Sep 2026); Sept monthly average not yet published
Brazil,South America,2026-09-26,diesel,7.343,BRL,per litre,5.141739,1.428,https://www.combustiveis-anp.com.br/,"point-in-time latest (ANP weekly survey 20-26 Sep 2026, diesel S10)"
Brazil,South America,2026-03-28,gasoline,6.78,BRL,per litre,5.239739,1.294,https://agenciainfra.com/blog/anp-diesel-nas-bombas-subiu-3-em-uma-semana-e-243-em-um-mes/,"point-in-time (ANP weekly 22-28 Mar 2026; highest weekly value found, true weekly peak not verified)"
Australia,Oceania,2026-02-20,gasoline,170.9,AUD,cents per litre,1.418330,1.205,https://www.accc.gov.au/system/files/weekly-fuel-price-monitoring-report-2-october-2026.pdf,"point-in-time (ACCC daily average, regular unleaded, 5 largest cities) pre-war baseline"
Australia,Oceania,2026-02-20,diesel,176.6,AUD,cents per litre,1.418330,1.245,https://www.accc.gov.au/system/files/weekly-fuel-price-monitoring-report-2-october-2026.pdf,"point-in-time (ACCC daily average, 5 largest cities) pre-war baseline"
Australia,Oceania,2026-03-31,gasoline,257.2,AUD,cents per litre,1.425826,1.804,https://www.accc.gov.au/system/files/weekly-fuel-price-monitoring-report-2-october-2026.pdf,"point-in-time (ACCC daily average, regular unleaded, 5 largest cities) PEAK (day before excise cut)"
Australia,Oceania,2026-03-31,diesel,322.4,AUD,cents per litre,1.425826,2.261,https://www.accc.gov.au/system/files/weekly-fuel-price-monitoring-report-2-october-2026.pdf,"point-in-time (ACCC daily average, 5 largest cities) PEAK (day before excise cut)"
Australia,Oceania,2026-04-29,gasoline,181.4,AUD,cents per litre,1.413474,1.283,https://www.accc.gov.au/system/files/weekly-fuel-price-monitoring-report-1-may-2026.pdf,"point-in-time (ACCC daily average, regular unleaded, 5 largest cities) "
Australia,Oceania,2026-04-29,diesel,247.6,AUD,cents per litre,1.413474,1.752,https://www.accc.gov.au/system/files/weekly-fuel-price-monitoring-report-1-may-2026.pdf,"point-in-time (ACCC daily average, 5 largest cities) "
Australia,Oceania,2026-05-13,gasoline,182.0,AUD,cents per litre,1.391811,1.308,https://www.accc.gov.au/system/files/weekly-fuel-price-monitoring-report-15-may-2026.pdf,"point-in-time (ACCC daily average, regular unleaded, 5 largest cities) "
Australia,Oceania,2026-05-13,diesel,231.6,AUD,cents per litre,1.391811,1.664,https://www.accc.gov.au/system/files/weekly-fuel-price-monitoring-report-15-may-2026.pdf,"point-in-time (ACCC daily average, 5 largest cities) "
Australia,Oceania,2026-06-30,gasoline,151.5,AUD,cents per litre,1.424368,1.064,https://www.accc.gov.au/system/files/weekly-fuel-price-monitoring-report-31-july-2026.pdf,"point-in-time (ACCC daily average, regular unleaded, 5 largest cities) 2026 low found"
Australia,Oceania,2026-06-30,diesel,173.5,AUD,cents per litre,1.424368,1.218,https://www.accc.gov.au/system/files/weekly-fuel-price-monitoring-report-31-july-2026.pdf,"point-in-time (ACCC daily average, 5 largest cities) 2026 low found"
Australia,Oceania,2026-07-29,gasoline,193.6,AUD,cents per litre,1.436295,1.348,https://www.accc.gov.au/system/files/weekly-fuel-price-monitoring-report-31-july-2026.pdf,"point-in-time (ACCC daily average, regular unleaded, 5 largest cities) "
Australia,Oceania,2026-07-29,diesel,232.8,AUD,cents per litre,1.436295,1.621,https://www.accc.gov.au/system/files/weekly-fuel-price-monitoring-report-31-july-2026.pdf,"point-in-time (ACCC daily average, 5 largest cities) "
Australia,Oceania,2026-08-26,gasoline,205.5,AUD,cents per litre,1.408858,1.459,https://www.accc.gov.au/system/files/weekly-fuel-price-monitoring-report-28-august-2026.pdf,"point-in-time (ACCC daily average, regular unleaded, 5 largest cities) "
Australia,Oceania,2026-08-26,diesel,250.2,AUD,cents per litre,1.408858,1.776,https://www.accc.gov.au/system/files/weekly-fuel-price-monitoring-report-28-august-2026.pdf,"point-in-time (ACCC daily average, 5 largest cities) "
Australia,Oceania,2026-09-30,gasoline,236.0,AUD,cents per litre,1.403394,1.682,https://www.accc.gov.au/system/files/weekly-fuel-price-monitoring-report-2-october-2026.pdf,"point-in-time (ACCC daily average, regular unleaded, 5 largest cities) latest"
Australia,Oceania,2026-09-30,diesel,283.3,AUD,cents per litre,1.403394,2.019,https://www.accc.gov.au/system/files/weekly-fuel-price-monitoring-report-2-october-2026.pdf,"point-in-time (ACCC daily average, 5 largest cities) latest"
Australia,Oceania,2026-01-12,gasoline,159,AUD,cents per litre,1.477491,1.076,https://www.globalpetrolprices.com/Australia/gasoline_prices/,point-in-time (GlobalPetrolPrices: 'one month ago' value on 9-Feb-2026 snapshot; AUD 1.54 on 9-Feb)
Australia,Oceania,2026-01,gasoline,MISSING,AUD,cents per litre,,,,MISSING - no monthly-average series retrieved (AIP weekly PDFs not readable); see point-in-time rows
Australia,Oceania,2026-02,gasoline,MISSING,AUD,cents per litre,,,,MISSING - no monthly-average series retrieved (AIP weekly PDFs not readable); see point-in-time rows
Australia,Oceania,2026-03,gasoline,MISSING,AUD,cents per litre,,,,MISSING - no monthly-average series retrieved (AIP weekly PDFs not readable); see point-in-time rows
Australia,Oceania,2026-04,gasoline,MISSING,AUD,cents per litre,,,,MISSING - no monthly-average series retrieved (AIP weekly PDFs not readable); see point-in-time rows
Australia,Oceania,2026-05,gasoline,MISSING,AUD,cents per litre,,,,MISSING - no monthly-average series retrieved (AIP weekly PDFs not readable); see point-in-time rows
Australia,Oceania,2026-06,gasoline,MISSING,AUD,cents per litre,,,,MISSING - no monthly-average series retrieved (AIP weekly PDFs not readable); see point-in-time rows
Australia,Oceania,2026-07,gasoline,MISSING,AUD,cents per litre,,,,MISSING - no monthly-average series retrieved (AIP weekly PDFs not readable); see point-in-time rows
Australia,Oceania,2026-08,gasoline,MISSING,AUD,cents per litre,,,,MISSING - no monthly-average series retrieved (AIP weekly PDFs not readable); see point-in-time rows
Australia,Oceania,2026-09,gasoline,MISSING,AUD,cents per litre,,,,MISSING - no monthly-average series retrieved (AIP weekly PDFs not readable); see point-in-time rows
World average,World,2026-02-09,gasoline,1.3,USD,per litre,1,1.300,https://www.globalpetrolprices.com/gasoline_prices/,point-in-time (GlobalPetrolPrices headline: simple average across countries). Country pages quote 1.19 for same date
World average,World,2026-08-17,gasoline,1.52,USD,per litre,1,1.520,https://www.globalpetrolprices.com/gasoline_prices/,point-in-time (GlobalPetrolPrices headline)
World average,World,2026-09-28,gasoline,1.59,USD,per litre,1,1.590,https://www.globalpetrolprices.com/gasoline_prices/,point-in-time latest (GlobalPetrolPrices headline). Country pages quote 1.49 for same date
World average,World,2026-08-10,diesel,1.56,USD,per litre,1,1.560,https://www.globalpetrolprices.com/diesel_prices/,point-in-time (GlobalPetrolPrices headline)
