level,group,passports,mean_score,median_score,min_score,max_score,above_world_mean,score_150_or_more,score_below_60
region,Middle East,20,73.25,60.5,26,187,4,2,10
region,Europe,46,166.76,182.0,77,186,44,36,0
region,Rest of Asia,35,83.74,64.0,23,192,9,6,16
region,Rest of Africa,49,60.57,55.0,32,154,2,1,30
region,North America,23,133.04,145.0,49,182,18,8,2
region,South America,12,127.5,135.5,75,174,8,4,0
region,Oceania,14,122.14,123.5,84,182,10,2,0
middle_east_sub_region,Gulf,6,108.67,91.5,84,187,2,1,0
middle_east_sub_region,Levant and Iraq,6,58.5,40.5,26,166,1,1,5
middle_east_sub_region,"Iran, Turkey and Yemen",3,60.67,38.0,31,113,1,0,2
middle_east_sub_region,North Africa,5,56.0,55.0,39,71,0,0,3
world,World,199,107.21,92.0,23,192,95,59,58
