country,region,gcc_member,index_month,mobile_rank_published,mobile_mbps,fixed_mbps,mobile_to_fixed_ratio,faster_network,uae_mobile_multiple,mobile_verification,fixed_verification
United Arab Emirates,Middle East and North Africa,yes,2026-03,1,644.66,384.51,1.68,mobile,1.0,two-sources,two-sources
Qatar,Middle East and North Africa,yes,2026-03,2,576.06,211.97,2.72,mobile,1.1,two-sources,single-source
Kuwait,Middle East and North Africa,yes,2026-03,3,372.76,230.24,1.62,mobile,1.7,two-sources,single-source
Bahrain,Middle East and North Africa,yes,2026-03,4,274.94,145.88,1.88,mobile,2.3,single-source,single-source
Brazil,Americas,no,2026-03,5,265.79,221.53,1.2,mobile,2.4,single-source,single-source
South Korea,Asia-Pacific,no,2026-03,6,265.2,257.76,1.03,mobile,2.4,two-sources,single-source
Brunei,Asia-Pacific,no,2026-03,7,253.69,90.29,2.81,mobile,2.5,single-source,single-source
Saudi Arabia,Middle East and North Africa,yes,2026-03,8,226.53,167.93,1.35,mobile,2.8,single-source,single-source
Bulgaria,Europe,no,2026-03,9,221.03,94.44,2.34,mobile,2.9,single-source,single-source
United States,Americas,no,2026-03,10,213.29,309.8,0.69,fixed,3.0,single-source,single-source
Vietnam,Asia-Pacific,no,2026-03,11,200.54,281.72,0.71,fixed,3.2,single-source,single-source
Singapore,Asia-Pacific,no,2026-03,12,197.89,425.46,0.47,fixed,3.3,single-source,two-sources
Denmark,Europe,no,2026-03,13,192.16,291.6,0.66,fixed,3.4,single-source,single-source
Estonia,Europe,no,2026-03,14,188.58,95.32,1.98,mobile,3.4,single-source,single-source
Cambodia,Asia-Pacific,no,2026-03,15,181.12,53.08,3.41,mobile,3.6,single-source,single-source
Netherlands,Europe,no,2026-03,16,178.0,237.66,0.75,fixed,3.6,single-source,single-source
Luxembourg,Europe,no,2026-03,17,173.19,221.23,0.78,fixed,3.7,single-source,single-source
Oman,Middle East and North Africa,yes,2026-03,18,169.87,96.05,1.77,mobile,3.8,single-source,single-source
Norway,Europe,no,2026-03,19,167.28,177.11,0.94,fixed,3.9,single-source,single-source
North Macedonia,Europe,no,2026-03,20,166.15,56.88,2.92,mobile,3.9,single-source,single-source
Serbia,Europe,no,2026-03,21,164.6,102.35,1.61,mobile,3.9,single-source,single-source
Finland,Europe,no,2026-03,22,164.0,180.47,0.91,fixed,3.9,single-source,single-source
Sweden,Europe,no,2026-03,23,161.7,213.29,0.76,fixed,4.0,single-source,single-source
Georgia,Europe,no,2026-03,24,161.23,44.73,3.6,mobile,4.0,single-source,single-source
Latvia,Europe,no,2026-03,25,157.04,146.87,1.07,mobile,4.1,single-source,single-source
China,Asia-Pacific,no,2026-03,26,156.98,206.91,0.76,fixed,4.1,single-source,single-source
Malaysia,Asia-Pacific,no,2026-03,27,153.2,168.07,0.91,fixed,4.2,single-source,single-source
France,Europe,no,2026-03,28,152.5,352.35,0.43,fixed,4.2,single-source,two-sources
Kosovo,Europe,no,2026-03,29,151.95,89.32,1.7,mobile,4.2,single-source,single-source
Slovenia,Europe,no,2026-03,30,145.54,200.99,0.72,fixed,4.4,single-source,single-source
Greece,Europe,no,2026-03,31,144.4,94.29,1.53,mobile,4.5,single-source,single-source
Croatia,Europe,no,2026-03,32,138.9,136.75,1.02,mobile,4.6,single-source,single-source
Thailand,Asia-Pacific,no,2026-03,33,137.98,279.65,0.49,fixed,4.7,single-source,single-source
Portugal,Europe,no,2026-03,34,137.64,243.84,0.56,fixed,4.7,single-source,single-source
Belgium,Europe,no,2026-03,35,134.77,140.97,0.96,fixed,4.8,single-source,single-source
Lithuania,Europe,no,2026-03,36,134.23,218.67,0.61,fixed,4.8,single-source,single-source
India,Asia-Pacific,no,2026-03,37,126.73,60.85,2.08,mobile,5.1,single-source,single-source
Switzerland,Europe,no,2026-03,38,124.08,292.56,0.42,fixed,5.2,single-source,single-source
Poland,Europe,no,2026-03,39,122.33,223.25,0.55,fixed,5.3,single-source,single-source
New Zealand,Asia-Pacific,no,2026-03,40,122.18,201.91,0.61,fixed,5.3,single-source,single-source
Taiwan,Asia-Pacific,no,2026-03,,117.38,270.85,0.43,fixed,5.5,single-source,single-source
Australia,Asia-Pacific,no,2026-03,,116.84,154.09,0.76,fixed,5.5,single-source,single-source
Canada,Americas,no,2026-03,,110.92,277.7,0.4,fixed,5.8,single-source,single-source
Turkey,Middle East and North Africa,no,2026-03,,110.4,80.02,1.38,mobile,5.8,single-source,single-source
Hungary,Europe,no,2026-03,,93.03,251.72,0.37,fixed,6.9,single-source,single-source
Italy,Europe,no,2026-03,,92.81,117.11,0.79,fixed,6.9,single-source,single-source
Spain,Europe,no,2026-03,,92.32,277.98,0.33,fixed,7.0,single-source,single-source
Hong Kong,Asia-Pacific,no,2026-03,,89.43,352.4,0.25,fixed,7.2,single-source,single-source
Romania,Europe,no,2026-03,,87.32,283.06,0.31,fixed,7.4,single-source,single-source
Chile,Americas,no,2026-03,,82.21,334.99,0.25,fixed,7.8,single-source,single-source
Ireland,Europe,no,2026-03,,79.12,220.71,0.36,fixed,8.1,single-source,single-source
Morocco,Middle East and North Africa,no,2026-03,,77.54,56.22,1.38,mobile,8.3,single-source,single-source
United Kingdom,Europe,no,2026-03,,75.91,172.24,0.44,fixed,8.5,single-source,single-source
Germany,Europe,no,2026-03,,74.58,103.72,0.72,fixed,8.6,single-source,single-source
Japan,Asia-Pacific,no,2026-03,,70.28,255.27,0.28,fixed,9.2,single-source,single-source
South Africa,Sub-Saharan Africa,no,2026-03,,68.09,48.9,1.39,mobile,9.5,single-source,single-source
Israel,Middle East and North Africa,no,2026-03,,65.96,281.29,0.23,fixed,9.8,single-source,single-source
Iraq,Middle East and North Africa,no,2026-03,,64.74,44.19,1.47,mobile,10.0,single-source,single-source
Algeria,Middle East and North Africa,no,2026-03,,64.05,59.95,1.07,mobile,10.1,single-source,single-source
Argentina,Americas,no,2026-03,,62.64,111.54,0.56,fixed,10.3,single-source,single-source
Indonesia,Asia-Pacific,no,2026-03,,62.09,45.91,1.35,mobile,10.4,single-source,single-source
Philippines,Asia-Pacific,no,2026-03,,58.24,109.86,0.53,fixed,11.1,single-source,single-source
Iran,Middle East and North Africa,no,2026-03,,57.23,26.0,2.2,mobile,11.3,single-source,single-source
Tunisia,Middle East and North Africa,no,2026-03,,52.84,20.24,2.61,mobile,12.2,single-source,single-source
Nigeria,Sub-Saharan Africa,no,2026-03,,50.53,36.81,1.37,mobile,12.8,single-source,single-source
Egypt,Middle East and North Africa,no,2026-03,,49.42,92.5,0.53,fixed,13.0,single-source,single-source
Kenya,Sub-Saharan Africa,no,2026-03,,48.78,16.48,2.96,mobile,13.2,single-source,single-source
Jordan,Middle East and North Africa,no,2026-03,,45.86,194.1,0.24,fixed,14.1,single-source,single-source
Colombia,Americas,no,2026-03,,45.09,214.3,0.21,fixed,14.3,single-source,single-source
Mexico,Americas,no,2026-03,,44.08,104.25,0.42,fixed,14.6,single-source,single-source
Bangladesh,Asia-Pacific,no,2026-03,,42.45,66.02,0.64,fixed,15.2,single-source,single-source
Lebanon,Middle East and North Africa,no,2026-03,,40.62,19.9,2.04,mobile,15.9,single-source,single-source
Peru,Americas,no,2026-03,,40.02,258.37,0.15,fixed,16.1,single-source,single-source
Pakistan,Asia-Pacific,no,2026-03,,26.46,17.9,1.48,mobile,24.4,single-source,single-source
Libya,Middle East and North Africa,no,2026-03,,22.89,11.65,1.96,mobile,28.2,single-source,single-source
