quarter,nationality,sex,indicator,value_pct,source,source_type,source_url,note
2021-Q1,Non-Saudi,Female,participation_rate,38.5,Gulf Labour Markets and Migration programme (GLMM) table,research compilation,https://gulfmigration.grc.net/saudi-arabia-labour-force-participation-rates-by-nationality-saudi-non-saudi-and-sex-q1-2021-q3-2025/,Compiled from GASTAT
2021-Q1,Saudi,Female,participation_rate,31.9,Gulf Labour Markets and Migration programme (GLMM) table,research compilation,https://gulfmigration.grc.net/saudi-arabia-labour-force-participation-rates-by-nationality-saudi-non-saudi-and-sex-q1-2021-q3-2025/,Compiled from GASTAT; Q1 2021 to Q1 2024 revised and backcast on the 2022 census
2021-Q1,Saudi,Male,participation_rate,64.8,Gulf Labour Markets and Migration programme (GLMM) table,research compilation,https://gulfmigration.grc.net/saudi-arabia-labour-force-participation-rates-by-nationality-saudi-non-saudi-and-sex-q1-2021-q3-2025/,Compiled from GASTAT; Q1 2021 to Q1 2024 revised and backcast on the 2022 census
2021-Q1,Saudi,Total,participation_rate,48.3,Gulf Labour Markets and Migration programme (GLMM) table,research compilation,https://gulfmigration.grc.net/saudi-arabia-labour-force-participation-rates-by-nationality-saudi-non-saudi-and-sex-q1-2021-q3-2025/,Compiled from GASTAT; Q1 2021 to Q1 2024 revised and backcast on the 2022 census
2021-Q2,Non-Saudi,Female,participation_rate,38.5,Gulf Labour Markets and Migration programme (GLMM) table,research compilation,https://gulfmigration.grc.net/saudi-arabia-labour-force-participation-rates-by-nationality-saudi-non-saudi-and-sex-q1-2021-q3-2025/,Compiled from GASTAT
2021-Q2,Saudi,Female,participation_rate,32.1,Gulf Labour Markets and Migration programme (GLMM) table,research compilation,https://gulfmigration.grc.net/saudi-arabia-labour-force-participation-rates-by-nationality-saudi-non-saudi-and-sex-q1-2021-q3-2025/,Compiled from GASTAT; Q1 2021 to Q1 2024 revised and backcast on the 2022 census
2021-Q2,Saudi,Male,participation_rate,65.0,Gulf Labour Markets and Migration programme (GLMM) table,research compilation,https://gulfmigration.grc.net/saudi-arabia-labour-force-participation-rates-by-nationality-saudi-non-saudi-and-sex-q1-2021-q3-2025/,Compiled from GASTAT; Q1 2021 to Q1 2024 revised and backcast on the 2022 census
2021-Q2,Saudi,Total,participation_rate,48.5,Gulf Labour Markets and Migration programme (GLMM) table,research compilation,https://gulfmigration.grc.net/saudi-arabia-labour-force-participation-rates-by-nationality-saudi-non-saudi-and-sex-q1-2021-q3-2025/,Compiled from GASTAT; Q1 2021 to Q1 2024 revised and backcast on the 2022 census
2021-Q3,Non-Saudi,Female,participation_rate,41.0,Gulf Labour Markets and Migration programme (GLMM) table,research compilation,https://gulfmigration.grc.net/saudi-arabia-labour-force-participation-rates-by-nationality-saudi-non-saudi-and-sex-q1-2021-q3-2025/,Compiled from GASTAT
2021-Q3,Saudi,Female,participation_rate,34.3,Gulf Labour Markets and Migration programme (GLMM) table,research compilation,https://gulfmigration.grc.net/saudi-arabia-labour-force-participation-rates-by-nationality-saudi-non-saudi-and-sex-q1-2021-q3-2025/,Compiled from GASTAT; Q1 2021 to Q1 2024 revised and backcast on the 2022 census
2021-Q3,Saudi,Male,participation_rate,65.1,Gulf Labour Markets and Migration programme (GLMM) table,research compilation,https://gulfmigration.grc.net/saudi-arabia-labour-force-participation-rates-by-nationality-saudi-non-saudi-and-sex-q1-2021-q3-2025/,Compiled from GASTAT; Q1 2021 to Q1 2024 revised and backcast on the 2022 census
2021-Q3,Saudi,Total,participation_rate,49.6,Gulf Labour Markets and Migration programme (GLMM) table,research compilation,https://gulfmigration.grc.net/saudi-arabia-labour-force-participation-rates-by-nationality-saudi-non-saudi-and-sex-q1-2021-q3-2025/,Compiled from GASTAT; Q1 2021 to Q1 2024 revised and backcast on the 2022 census
2021-Q4,Non-Saudi,Female,participation_rate,34.0,Gulf Labour Markets and Migration programme (GLMM) table,research compilation,https://gulfmigration.grc.net/saudi-arabia-labour-force-participation-rates-by-nationality-saudi-non-saudi-and-sex-q1-2021-q3-2025/,Compiled from GASTAT
2021-Q4,Saudi,Female,participation_rate,34.7,Gulf Labour Markets and Migration programme (GLMM) table,research compilation,https://gulfmigration.grc.net/saudi-arabia-labour-force-participation-rates-by-nationality-saudi-non-saudi-and-sex-q1-2021-q3-2025/,Compiled from GASTAT; Q1 2021 to Q1 2024 revised and backcast on the 2022 census
2021-Q4,Saudi,Male,participation_rate,65.6,Gulf Labour Markets and Migration programme (GLMM) table,research compilation,https://gulfmigration.grc.net/saudi-arabia-labour-force-participation-rates-by-nationality-saudi-non-saudi-and-sex-q1-2021-q3-2025/,Compiled from GASTAT; Q1 2021 to Q1 2024 revised and backcast on the 2022 census
2021-Q4,Saudi,Total,participation_rate,50.1,Gulf Labour Markets and Migration programme (GLMM) table,research compilation,https://gulfmigration.grc.net/saudi-arabia-labour-force-participation-rates-by-nationality-saudi-non-saudi-and-sex-q1-2021-q3-2025/,Compiled from GASTAT; Q1 2021 to Q1 2024 revised and backcast on the 2022 census
2022-Q1,Non-Saudi,Female,participation_rate,33.4,Gulf Labour Markets and Migration programme (GLMM) table,research compilation,https://gulfmigration.grc.net/saudi-arabia-labour-force-participation-rates-by-nationality-saudi-non-saudi-and-sex-q1-2021-q3-2025/,Compiled from GASTAT
2022-Q1,Saudi,Female,participation_rate,33.3,Gulf Labour Markets and Migration programme (GLMM) table,research compilation,https://gulfmigration.grc.net/saudi-arabia-labour-force-participation-rates-by-nationality-saudi-non-saudi-and-sex-q1-2021-q3-2025/,Compiled from GASTAT; Q1 2021 to Q1 2024 revised and backcast on the 2022 census
2022-Q1,Saudi,Male,participation_rate,65.1,Gulf Labour Markets and Migration programme (GLMM) table,research compilation,https://gulfmigration.grc.net/saudi-arabia-labour-force-participation-rates-by-nationality-saudi-non-saudi-and-sex-q1-2021-q3-2025/,Compiled from GASTAT; Q1 2021 to Q1 2024 revised and backcast on the 2022 census
2022-Q1,Saudi,Total,participation_rate,49.1,Gulf Labour Markets and Migration programme (GLMM) table,research compilation,https://gulfmigration.grc.net/saudi-arabia-labour-force-participation-rates-by-nationality-saudi-non-saudi-and-sex-q1-2021-q3-2025/,Compiled from GASTAT; Q1 2021 to Q1 2024 revised and backcast on the 2022 census
2022-Q2,Non-Saudi,Female,participation_rate,32.5,Gulf Labour Markets and Migration programme (GLMM) table,research compilation,https://gulfmigration.grc.net/saudi-arabia-labour-force-participation-rates-by-nationality-saudi-non-saudi-and-sex-q1-2021-q3-2025/,Compiled from GASTAT
2022-Q2,Saudi,Female,participation_rate,35.1,Gulf Labour Markets and Migration programme (GLMM) table,research compilation,https://gulfmigration.grc.net/saudi-arabia-labour-force-participation-rates-by-nationality-saudi-non-saudi-and-sex-q1-2021-q3-2025/,Compiled from GASTAT; Q1 2021 to Q1 2024 revised and backcast on the 2022 census
2022-Q2,Saudi,Male,participation_rate,66.5,Gulf Labour Markets and Migration programme (GLMM) table,research compilation,https://gulfmigration.grc.net/saudi-arabia-labour-force-participation-rates-by-nationality-saudi-non-saudi-and-sex-q1-2021-q3-2025/,Compiled from GASTAT; Q1 2021 to Q1 2024 revised and backcast on the 2022 census
2022-Q2,Saudi,Total,participation_rate,50.8,Gulf Labour Markets and Migration programme (GLMM) table,research compilation,https://gulfmigration.grc.net/saudi-arabia-labour-force-participation-rates-by-nationality-saudi-non-saudi-and-sex-q1-2021-q3-2025/,Compiled from GASTAT; Q1 2021 to Q1 2024 revised and backcast on the 2022 census
2022-Q3,Non-Saudi,Female,participation_rate,32.8,Gulf Labour Markets and Migration programme (GLMM) table,research compilation,https://gulfmigration.grc.net/saudi-arabia-labour-force-participation-rates-by-nationality-saudi-non-saudi-and-sex-q1-2021-q3-2025/,Compiled from GASTAT
2022-Q3,Saudi,Female,participation_rate,36.5,Gulf Labour Markets and Migration programme (GLMM) table,research compilation,https://gulfmigration.grc.net/saudi-arabia-labour-force-participation-rates-by-nationality-saudi-non-saudi-and-sex-q1-2021-q3-2025/,Compiled from GASTAT; Q1 2021 to Q1 2024 revised and backcast on the 2022 census
2022-Q3,Saudi,Male,participation_rate,66.3,Gulf Labour Markets and Migration programme (GLMM) table,research compilation,https://gulfmigration.grc.net/saudi-arabia-labour-force-participation-rates-by-nationality-saudi-non-saudi-and-sex-q1-2021-q3-2025/,Compiled from GASTAT; Q1 2021 to Q1 2024 revised and backcast on the 2022 census
2022-Q3,Saudi,Total,participation_rate,51.4,Gulf Labour Markets and Migration programme (GLMM) table,research compilation,https://gulfmigration.grc.net/saudi-arabia-labour-force-participation-rates-by-nationality-saudi-non-saudi-and-sex-q1-2021-q3-2025/,Compiled from GASTAT; Q1 2021 to Q1 2024 revised and backcast on the 2022 census
2022-Q4,Non-Saudi,Female,participation_rate,32.1,Gulf Labour Markets and Migration programme (GLMM) table,research compilation,https://gulfmigration.grc.net/saudi-arabia-labour-force-participation-rates-by-nationality-saudi-non-saudi-and-sex-q1-2021-q3-2025/,Compiled from GASTAT
2022-Q4,Saudi,Female,participation_rate,35.5,Gulf Labour Markets and Migration programme (GLMM) table,research compilation,https://gulfmigration.grc.net/saudi-arabia-labour-force-participation-rates-by-nationality-saudi-non-saudi-and-sex-q1-2021-q3-2025/,Compiled from GASTAT; Q1 2021 to Q1 2024 revised and backcast on the 2022 census
2022-Q4,Saudi,Male,participation_rate,67.3,Gulf Labour Markets and Migration programme (GLMM) table,research compilation,https://gulfmigration.grc.net/saudi-arabia-labour-force-participation-rates-by-nationality-saudi-non-saudi-and-sex-q1-2021-q3-2025/,Compiled from GASTAT; Q1 2021 to Q1 2024 revised and backcast on the 2022 census
2022-Q4,Saudi,Total,participation_rate,51.5,Gulf Labour Markets and Migration programme (GLMM) table,research compilation,https://gulfmigration.grc.net/saudi-arabia-labour-force-participation-rates-by-nationality-saudi-non-saudi-and-sex-q1-2021-q3-2025/,Compiled from GASTAT; Q1 2021 to Q1 2024 revised and backcast on the 2022 census
2023-Q1,Non-Saudi,Female,participation_rate,34.8,Gulf Labour Markets and Migration programme (GLMM) table,research compilation,https://gulfmigration.grc.net/saudi-arabia-labour-force-participation-rates-by-nationality-saudi-non-saudi-and-sex-q1-2021-q3-2025/,Compiled from GASTAT
2023-Q1,Saudi,Female,participation_rate,35.5,Gulf Labour Markets and Migration programme (GLMM) table,research compilation,https://gulfmigration.grc.net/saudi-arabia-labour-force-participation-rates-by-nationality-saudi-non-saudi-and-sex-q1-2021-q3-2025/,Compiled from GASTAT; Q1 2021 to Q1 2024 revised and backcast on the 2022 census
2023-Q1,Saudi,Male,participation_rate,67.1,Gulf Labour Markets and Migration programme (GLMM) table,research compilation,https://gulfmigration.grc.net/saudi-arabia-labour-force-participation-rates-by-nationality-saudi-non-saudi-and-sex-q1-2021-q3-2025/,Compiled from GASTAT; Q1 2021 to Q1 2024 revised and backcast on the 2022 census
2023-Q1,Saudi,Total,participation_rate,51.4,Gulf Labour Markets and Migration programme (GLMM) table,research compilation,https://gulfmigration.grc.net/saudi-arabia-labour-force-participation-rates-by-nationality-saudi-non-saudi-and-sex-q1-2021-q3-2025/,Compiled from GASTAT; Q1 2021 to Q1 2024 revised and backcast on the 2022 census
2023-Q2,Non-Saudi,Female,participation_rate,31.9,GASTAT Labor Market Statistics Q2 2024,official release,https://www.stats.gov.sa/documents/20117/1994311/LMS+Q2_2024_PR_EN_0.pdf/5572063a-5323-7462-35ae-b1955adb9ebe?t=1735041313566,Table 1
2023-Q2,Non-Saudi,Female,participation_rate,31.9,Gulf Labour Markets and Migration programme (GLMM) table,research compilation,https://gulfmigration.grc.net/saudi-arabia-labour-force-participation-rates-by-nationality-saudi-non-saudi-and-sex-q1-2021-q3-2025/,Compiled from GASTAT
2023-Q2,Saudi,Female,employment_to_population,29.3,GASTAT Labor Market Statistics Q2 2024,official release,https://www.stats.gov.sa/documents/20117/1994311/LMS+Q2_2024_PR_EN_0.pdf/5572063a-5323-7462-35ae-b1955adb9ebe?t=1735041313566,Table 1
2023-Q2,Saudi,Female,participation_rate,34.8,GASTAT Labor Market Statistics Q2 2024,official release,https://www.stats.gov.sa/documents/20117/1994311/LMS+Q2_2024_PR_EN_0.pdf/5572063a-5323-7462-35ae-b1955adb9ebe?t=1735041313566,Table 1
2023-Q2,Saudi,Female,participation_rate,34.8,Gulf Labour Markets and Migration programme (GLMM) table,research compilation,https://gulfmigration.grc.net/saudi-arabia-labour-force-participation-rates-by-nationality-saudi-non-saudi-and-sex-q1-2021-q3-2025/,Compiled from GASTAT; Q1 2021 to Q1 2024 revised and backcast on the 2022 census
2023-Q2,Saudi,Female,unemployment_rate,15.9,GASTAT Labor Market Statistics Q2 2024,official release,https://www.stats.gov.sa/documents/20117/1994311/LMS+Q2_2024_PR_EN_0.pdf/5572063a-5323-7462-35ae-b1955adb9ebe?t=1735041313566,Table 1
2023-Q2,Saudi,Male,employment_to_population,63.3,GASTAT Labor Market Statistics Q2 2024,official release,https://www.stats.gov.sa/documents/20117/1994311/LMS+Q2_2024_PR_EN_0.pdf/5572063a-5323-7462-35ae-b1955adb9ebe?t=1735041313566,Table 1
2023-Q2,Saudi,Male,participation_rate,66.3,GASTAT Labor Market Statistics Q2 2024,official release,https://www.stats.gov.sa/documents/20117/1994311/LMS+Q2_2024_PR_EN_0.pdf/5572063a-5323-7462-35ae-b1955adb9ebe?t=1735041313566,Table 1
2023-Q2,Saudi,Male,participation_rate,66.3,Gulf Labour Markets and Migration programme (GLMM) table,research compilation,https://gulfmigration.grc.net/saudi-arabia-labour-force-participation-rates-by-nationality-saudi-non-saudi-and-sex-q1-2021-q3-2025/,Compiled from GASTAT; Q1 2021 to Q1 2024 revised and backcast on the 2022 census
2023-Q2,Saudi,Male,unemployment_rate,4.6,GASTAT Labor Market Statistics Q2 2024,official release,https://www.stats.gov.sa/documents/20117/1994311/LMS+Q2_2024_PR_EN_0.pdf/5572063a-5323-7462-35ae-b1955adb9ebe?t=1735041313566,Table 1
2023-Q2,Saudi,Total,employment_to_population,46.4,GASTAT Labor Market Statistics Q2 2024,official release,https://www.stats.gov.sa/documents/20117/1994311/LMS+Q2_2024_PR_EN_0.pdf/5572063a-5323-7462-35ae-b1955adb9ebe?t=1735041313566,Table 1
2023-Q2,Saudi,Total,participation_rate,50.7,GASTAT Labor Market Statistics Q2 2024,official release,https://www.stats.gov.sa/documents/20117/1994311/LMS+Q2_2024_PR_EN_0.pdf/5572063a-5323-7462-35ae-b1955adb9ebe?t=1735041313566,Table 1
2023-Q2,Saudi,Total,participation_rate,50.7,Gulf Labour Markets and Migration programme (GLMM) table,research compilation,https://gulfmigration.grc.net/saudi-arabia-labour-force-participation-rates-by-nationality-saudi-non-saudi-and-sex-q1-2021-q3-2025/,Compiled from GASTAT; Q1 2021 to Q1 2024 revised and backcast on the 2022 census
2023-Q2,Saudi,Total,unemployment_rate,8.5,GASTAT Labor Market Statistics Q2 2024,official release,https://www.stats.gov.sa/documents/20117/1994311/LMS+Q2_2024_PR_EN_0.pdf/5572063a-5323-7462-35ae-b1955adb9ebe?t=1735041313566,Table 1
2023-Q3,Non-Saudi,Female,participation_rate,32.6,Gulf Labour Markets and Migration programme (GLMM) table,research compilation,https://gulfmigration.grc.net/saudi-arabia-labour-force-participation-rates-by-nationality-saudi-non-saudi-and-sex-q1-2021-q3-2025/,Compiled from GASTAT
2023-Q3,Saudi,Female,participation_rate,35.4,Gulf Labour Markets and Migration programme (GLMM) table,research compilation,https://gulfmigration.grc.net/saudi-arabia-labour-force-participation-rates-by-nationality-saudi-non-saudi-and-sex-q1-2021-q3-2025/,Compiled from GASTAT; Q1 2021 to Q1 2024 revised and backcast on the 2022 census
2023-Q3,Saudi,Male,participation_rate,65.7,Gulf Labour Markets and Migration programme (GLMM) table,research compilation,https://gulfmigration.grc.net/saudi-arabia-labour-force-participation-rates-by-nationality-saudi-non-saudi-and-sex-q1-2021-q3-2025/,Compiled from GASTAT; Q1 2021 to Q1 2024 revised and backcast on the 2022 census
2023-Q3,Saudi,Total,participation_rate,50.8,Gulf Labour Markets and Migration programme (GLMM) table,research compilation,https://gulfmigration.grc.net/saudi-arabia-labour-force-participation-rates-by-nationality-saudi-non-saudi-and-sex-q1-2021-q3-2025/,Compiled from GASTAT; Q1 2021 to Q1 2024 revised and backcast on the 2022 census
2023-Q4,Non-Saudi,Female,participation_rate,33.8,GASTAT Labor Market Statistics Q4 2024,official release,https://www.stats.gov.sa/documents/20117/2435273/LMS+Q4_2024_PR_EN+Press+Release+(1).pdf/038aa36a-a31a-9e08-7695-99e77bae858a?t=1756667878440,Table 1
2023-Q4,Non-Saudi,Female,participation_rate,33.8,Gulf Labour Markets and Migration programme (GLMM) table,research compilation,https://gulfmigration.grc.net/saudi-arabia-labour-force-participation-rates-by-nationality-saudi-non-saudi-and-sex-q1-2021-q3-2025/,Compiled from GASTAT
2023-Q4,Saudi,Female,employment_to_population,30.1,GASTAT Labor Market Statistics Q4 2024,official release,https://www.stats.gov.sa/documents/20117/2435273/LMS+Q4_2024_PR_EN+Press+Release+(1).pdf/038aa36a-a31a-9e08-7695-99e77bae858a?t=1756667878440,Table 1
2023-Q4,Saudi,Female,participation_rate,35.0,GASTAT Labor Market Statistics Q4 2024,official release,https://www.stats.gov.sa/documents/20117/2435273/LMS+Q4_2024_PR_EN+Press+Release+(1).pdf/038aa36a-a31a-9e08-7695-99e77bae858a?t=1756667878440,Table 1
2023-Q4,Saudi,Female,participation_rate,35.0,Gulf Labour Markets and Migration programme (GLMM) table,research compilation,https://gulfmigration.grc.net/saudi-arabia-labour-force-participation-rates-by-nationality-saudi-non-saudi-and-sex-q1-2021-q3-2025/,Compiled from GASTAT; Q1 2021 to Q1 2024 revised and backcast on the 2022 census
2023-Q4,Saudi,Female,participation_rate,35.0,"Jadwa Investment, Saudi labor market update 2024",bank research,https://www.jadwa.com/sites/default/files/2025-04/Saudi%20labor%20market%20update%20-%202024.pdf,
2023-Q4,Saudi,Female,unemployment_rate,13.9,GASTAT Labor Market Statistics Q4 2024,official release,https://www.stats.gov.sa/documents/20117/2435273/LMS+Q4_2024_PR_EN+Press+Release+(1).pdf/038aa36a-a31a-9e08-7695-99e77bae858a?t=1756667878440,Table 1
2023-Q4,Saudi,Female,unemployment_rate,13.9,"Jadwa Investment, Saudi labor market update 2024",bank research,https://www.jadwa.com/sites/default/files/2025-04/Saudi%20labor%20market%20update%20-%202024.pdf,
2023-Q4,Saudi,Male,employment_to_population,62.4,GASTAT Labor Market Statistics Q4 2024,official release,https://www.stats.gov.sa/documents/20117/2435273/LMS+Q4_2024_PR_EN+Press+Release+(1).pdf/038aa36a-a31a-9e08-7695-99e77bae858a?t=1756667878440,Table 1
2023-Q4,Saudi,Male,participation_rate,65.4,GASTAT Labor Market Statistics Q4 2024,official release,https://www.stats.gov.sa/documents/20117/2435273/LMS+Q4_2024_PR_EN+Press+Release+(1).pdf/038aa36a-a31a-9e08-7695-99e77bae858a?t=1756667878440,Table 1
2023-Q4,Saudi,Male,participation_rate,65.4,Gulf Labour Markets and Migration programme (GLMM) table,research compilation,https://gulfmigration.grc.net/saudi-arabia-labour-force-participation-rates-by-nationality-saudi-non-saudi-and-sex-q1-2021-q3-2025/,Compiled from GASTAT; Q1 2021 to Q1 2024 revised and backcast on the 2022 census
2023-Q4,Saudi,Male,unemployment_rate,4.6,GASTAT Labor Market Statistics Q4 2024,official release,https://www.stats.gov.sa/documents/20117/2435273/LMS+Q4_2024_PR_EN+Press+Release+(1).pdf/038aa36a-a31a-9e08-7695-99e77bae858a?t=1756667878440,Table 1
2023-Q4,Saudi,Total,employment_to_population,46.5,GASTAT Labor Market Statistics Q4 2024,official release,https://www.stats.gov.sa/documents/20117/2435273/LMS+Q4_2024_PR_EN+Press+Release+(1).pdf/038aa36a-a31a-9e08-7695-99e77bae858a?t=1756667878440,Table 1
2023-Q4,Saudi,Total,participation_rate,50.4,GASTAT Labor Market Statistics Q4 2024,official release,https://www.stats.gov.sa/documents/20117/2435273/LMS+Q4_2024_PR_EN+Press+Release+(1).pdf/038aa36a-a31a-9e08-7695-99e77bae858a?t=1756667878440,Table 1
2023-Q4,Saudi,Total,participation_rate,50.4,Gulf Labour Markets and Migration programme (GLMM) table,research compilation,https://gulfmigration.grc.net/saudi-arabia-labour-force-participation-rates-by-nationality-saudi-non-saudi-and-sex-q1-2021-q3-2025/,Compiled from GASTAT; Q1 2021 to Q1 2024 revised and backcast on the 2022 census
2023-Q4,Saudi,Total,unemployment_rate,7.8,GASTAT Labor Market Statistics Q4 2024,official release,https://www.stats.gov.sa/documents/20117/2435273/LMS+Q4_2024_PR_EN+Press+Release+(1).pdf/038aa36a-a31a-9e08-7695-99e77bae858a?t=1756667878440,Table 1
2024-Q1,Non-Saudi,Female,participation_rate,28.3,GASTAT Labor Market Statistics Q1 2025,official release,https://www.stats.gov.sa/documents/20117/2435273/LMS+Q1_2025_PR_EN+Press+Release+(1).pdf/3c2058c8-e83d-a6f2-0040-cb02d3ea08b0?t=1756668205441,Table 1
2024-Q1,Non-Saudi,Female,participation_rate,28.3,GASTAT Labor Market Statistics Q2 2024,official release,https://www.stats.gov.sa/documents/20117/1994311/LMS+Q2_2024_PR_EN_0.pdf/5572063a-5323-7462-35ae-b1955adb9ebe?t=1735041313566,Table 1
2024-Q1,Non-Saudi,Female,participation_rate,28.3,Gulf Labour Markets and Migration programme (GLMM) table,research compilation,https://gulfmigration.grc.net/saudi-arabia-labour-force-participation-rates-by-nationality-saudi-non-saudi-and-sex-q1-2021-q3-2025/,Compiled from GASTAT
2024-Q1,Saudi,Female,employment_to_population,30.7,GASTAT Labor Market Statistics Q1 2025,official release,https://www.stats.gov.sa/documents/20117/2435273/LMS+Q1_2025_PR_EN+Press+Release+(1).pdf/3c2058c8-e83d-a6f2-0040-cb02d3ea08b0?t=1756668205441,Table 1
2024-Q1,Saudi,Female,employment_to_population,30.7,GASTAT Labor Market Statistics Q2 2024,official release,https://www.stats.gov.sa/documents/20117/1994311/LMS+Q2_2024_PR_EN_0.pdf/5572063a-5323-7462-35ae-b1955adb9ebe?t=1735041313566,Table 1
2024-Q1,Saudi,Female,employment_to_population,30.7,"vision2030.ai analysis, 31 Jul 2026",independent analysis,https://vision2030.ai/analysis/saudi-women-workforce-participation-falling/,
2024-Q1,Saudi,Female,participation_rate,35.8,GASTAT Labor Market Statistics Q1 2025,official release,https://www.stats.gov.sa/documents/20117/2435273/LMS+Q1_2025_PR_EN+Press+Release+(1).pdf/3c2058c8-e83d-a6f2-0040-cb02d3ea08b0?t=1756668205441,Table 1
2024-Q1,Saudi,Female,participation_rate,35.8,GASTAT Labor Market Statistics Q2 2024,official release,https://www.stats.gov.sa/documents/20117/1994311/LMS+Q2_2024_PR_EN_0.pdf/5572063a-5323-7462-35ae-b1955adb9ebe?t=1735041313566,Table 1
2024-Q1,Saudi,Female,participation_rate,35.8,Gulf Labour Markets and Migration programme (GLMM) table,research compilation,https://gulfmigration.grc.net/saudi-arabia-labour-force-participation-rates-by-nationality-saudi-non-saudi-and-sex-q1-2021-q3-2025/,Compiled from GASTAT; Q1 2021 to Q1 2024 revised and backcast on the 2022 census
2024-Q1,Saudi,Female,participation_rate,35.8,"vision2030.ai analysis, 31 Jul 2026",independent analysis,https://vision2030.ai/analysis/saudi-women-workforce-participation-falling/,
2024-Q1,Saudi,Female,unemployment_rate,14.2,GASTAT Labor Market Statistics Q1 2025,official release,https://www.stats.gov.sa/documents/20117/2435273/LMS+Q1_2025_PR_EN+Press+Release+(1).pdf/3c2058c8-e83d-a6f2-0040-cb02d3ea08b0?t=1756668205441,Table 1
2024-Q1,Saudi,Female,unemployment_rate,14.2,GASTAT Labor Market Statistics Q2 2024,official release,https://www.stats.gov.sa/documents/20117/1994311/LMS+Q2_2024_PR_EN_0.pdf/5572063a-5323-7462-35ae-b1955adb9ebe?t=1735041313566,Table 1
2024-Q1,Saudi,Female,unemployment_rate,14.2,"vision2030.ai analysis, 31 Jul 2026",independent analysis,https://vision2030.ai/analysis/saudi-women-workforce-participation-falling/,
2024-Q1,Saudi,Male,employment_to_population,63.6,GASTAT Labor Market Statistics Q1 2025,official release,https://www.stats.gov.sa/documents/20117/2435273/LMS+Q1_2025_PR_EN+Press+Release+(1).pdf/3c2058c8-e83d-a6f2-0040-cb02d3ea08b0?t=1756668205441,Table 1
2024-Q1,Saudi,Male,employment_to_population,63.6,GASTAT Labor Market Statistics Q2 2024,official release,https://www.stats.gov.sa/documents/20117/1994311/LMS+Q2_2024_PR_EN_0.pdf/5572063a-5323-7462-35ae-b1955adb9ebe?t=1735041313566,Table 1
2024-Q1,Saudi,Male,participation_rate,66.4,GASTAT Labor Market Statistics Q1 2025,official release,https://www.stats.gov.sa/documents/20117/2435273/LMS+Q1_2025_PR_EN+Press+Release+(1).pdf/3c2058c8-e83d-a6f2-0040-cb02d3ea08b0?t=1756668205441,Table 1
2024-Q1,Saudi,Male,participation_rate,66.4,GASTAT Labor Market Statistics Q2 2024,official release,https://www.stats.gov.sa/documents/20117/1994311/LMS+Q2_2024_PR_EN_0.pdf/5572063a-5323-7462-35ae-b1955adb9ebe?t=1735041313566,Table 1
2024-Q1,Saudi,Male,participation_rate,66.4,Gulf Labour Markets and Migration programme (GLMM) table,research compilation,https://gulfmigration.grc.net/saudi-arabia-labour-force-participation-rates-by-nationality-saudi-non-saudi-and-sex-q1-2021-q3-2025/,Compiled from GASTAT; Q1 2021 to Q1 2024 revised and backcast on the 2022 census
2024-Q1,Saudi,Male,unemployment_rate,4.2,GASTAT Labor Market Statistics Q1 2025,official release,https://www.stats.gov.sa/documents/20117/2435273/LMS+Q1_2025_PR_EN+Press+Release+(1).pdf/3c2058c8-e83d-a6f2-0040-cb02d3ea08b0?t=1756668205441,Table 1
2024-Q1,Saudi,Male,unemployment_rate,4.2,GASTAT Labor Market Statistics Q2 2024,official release,https://www.stats.gov.sa/documents/20117/1994311/LMS+Q2_2024_PR_EN_0.pdf/5572063a-5323-7462-35ae-b1955adb9ebe?t=1735041313566,Table 1
2024-Q1,Saudi,Total,employment_to_population,47.5,GASTAT Labor Market Statistics Q1 2025,official release,https://www.stats.gov.sa/documents/20117/2435273/LMS+Q1_2025_PR_EN+Press+Release+(1).pdf/3c2058c8-e83d-a6f2-0040-cb02d3ea08b0?t=1756668205441,Table 1
2024-Q1,Saudi,Total,employment_to_population,47.5,GASTAT Labor Market Statistics Q2 2024,official release,https://www.stats.gov.sa/documents/20117/1994311/LMS+Q2_2024_PR_EN_0.pdf/5572063a-5323-7462-35ae-b1955adb9ebe?t=1735041313566,Table 1
2024-Q1,Saudi,Total,participation_rate,51.4,GASTAT Labor Market Statistics Q1 2025,official release,https://www.stats.gov.sa/documents/20117/2435273/LMS+Q1_2025_PR_EN+Press+Release+(1).pdf/3c2058c8-e83d-a6f2-0040-cb02d3ea08b0?t=1756668205441,Table 1
2024-Q1,Saudi,Total,participation_rate,51.4,GASTAT Labor Market Statistics Q2 2024,official release,https://www.stats.gov.sa/documents/20117/1994311/LMS+Q2_2024_PR_EN_0.pdf/5572063a-5323-7462-35ae-b1955adb9ebe?t=1735041313566,Table 1
2024-Q1,Saudi,Total,participation_rate,51.4,Gulf Labour Markets and Migration programme (GLMM) table,research compilation,https://gulfmigration.grc.net/saudi-arabia-labour-force-participation-rates-by-nationality-saudi-non-saudi-and-sex-q1-2021-q3-2025/,Compiled from GASTAT; Q1 2021 to Q1 2024 revised and backcast on the 2022 census
2024-Q1,Saudi,Total,unemployment_rate,7.6,GASTAT Labor Market Statistics Q1 2025,official release,https://www.stats.gov.sa/documents/20117/2435273/LMS+Q1_2025_PR_EN+Press+Release+(1).pdf/3c2058c8-e83d-a6f2-0040-cb02d3ea08b0?t=1756668205441,Table 1
2024-Q1,Saudi,Total,unemployment_rate,7.6,GASTAT Labor Market Statistics Q2 2024,official release,https://www.stats.gov.sa/documents/20117/1994311/LMS+Q2_2024_PR_EN_0.pdf/5572063a-5323-7462-35ae-b1955adb9ebe?t=1735041313566,Table 1
2024-Q2,Non-Saudi,Female,participation_rate,28.9,GASTAT Labor Market Statistics Q2 2024,official release,https://www.stats.gov.sa/documents/20117/1994311/LMS+Q2_2024_PR_EN_0.pdf/5572063a-5323-7462-35ae-b1955adb9ebe?t=1735041313566,Table 1
2024-Q2,Non-Saudi,Female,participation_rate,28.9,GASTAT Labor Market Statistics Q2 2025,official release,https://www.stats.gov.sa/documents/20117/2435273/LMS+Q2_2025_EN.pdf/c596f7f3-bfce-007a-b0ed-83792da1654f?t=1759133628117,Table 1
2024-Q2,Non-Saudi,Female,participation_rate,28.9,Gulf Labour Markets and Migration programme (GLMM) table,research compilation,https://gulfmigration.grc.net/saudi-arabia-labour-force-participation-rates-by-nationality-saudi-non-saudi-and-sex-q1-2021-q3-2025/,Compiled from GASTAT
2024-Q2,Saudi,Female,employment_to_population,30.8,GASTAT Labor Market Statistics Q2 2024,official release,https://www.stats.gov.sa/documents/20117/1994311/LMS+Q2_2024_PR_EN_0.pdf/5572063a-5323-7462-35ae-b1955adb9ebe?t=1735041313566,Table 1
2024-Q2,Saudi,Female,employment_to_population,30.8,GASTAT Labor Market Statistics Q2 2025,official release,https://www.stats.gov.sa/documents/20117/2435273/LMS+Q2_2025_EN.pdf/c596f7f3-bfce-007a-b0ed-83792da1654f?t=1759133628117,Table 1
2024-Q2,Saudi,Female,participation_rate,35.4,GASTAT Labor Market Statistics Q2 2024,official release,https://www.stats.gov.sa/documents/20117/1994311/LMS+Q2_2024_PR_EN_0.pdf/5572063a-5323-7462-35ae-b1955adb9ebe?t=1735041313566,Table 1
2024-Q2,Saudi,Female,participation_rate,35.4,GASTAT Labor Market Statistics Q2 2025,official release,https://www.stats.gov.sa/documents/20117/2435273/LMS+Q2_2025_EN.pdf/c596f7f3-bfce-007a-b0ed-83792da1654f?t=1759133628117,Table 1
2024-Q2,Saudi,Female,participation_rate,35.4,Gulf Labour Markets and Migration programme (GLMM) table,research compilation,https://gulfmigration.grc.net/saudi-arabia-labour-force-participation-rates-by-nationality-saudi-non-saudi-and-sex-q1-2021-q3-2025/,Compiled from GASTAT; Q1 2021 to Q1 2024 revised and backcast on the 2022 census
2024-Q2,Saudi,Female,unemployment_rate,12.8,GASTAT Labor Market Statistics Q2 2024,official release,https://www.stats.gov.sa/documents/20117/1994311/LMS+Q2_2024_PR_EN_0.pdf/5572063a-5323-7462-35ae-b1955adb9ebe?t=1735041313566,Table 1
2024-Q2,Saudi,Female,unemployment_rate,12.8,GASTAT Labor Market Statistics Q2 2025,official release,https://www.stats.gov.sa/documents/20117/2435273/LMS+Q2_2025_EN.pdf/c596f7f3-bfce-007a-b0ed-83792da1654f?t=1759133628117,Table 1
2024-Q2,Saudi,Male,employment_to_population,63.6,GASTAT Labor Market Statistics Q2 2024,official release,https://www.stats.gov.sa/documents/20117/1994311/LMS+Q2_2024_PR_EN_0.pdf/5572063a-5323-7462-35ae-b1955adb9ebe?t=1735041313566,Table 1
2024-Q2,Saudi,Male,employment_to_population,63.6,GASTAT Labor Market Statistics Q2 2025,official release,https://www.stats.gov.sa/documents/20117/2435273/LMS+Q2_2025_EN.pdf/c596f7f3-bfce-007a-b0ed-83792da1654f?t=1759133628117,Table 1
2024-Q2,Saudi,Male,participation_rate,66.3,GASTAT Labor Market Statistics Q2 2024,official release,https://www.stats.gov.sa/documents/20117/1994311/LMS+Q2_2024_PR_EN_0.pdf/5572063a-5323-7462-35ae-b1955adb9ebe?t=1735041313566,Table 1
2024-Q2,Saudi,Male,participation_rate,66.3,GASTAT Labor Market Statistics Q2 2025,official release,https://www.stats.gov.sa/documents/20117/2435273/LMS+Q2_2025_EN.pdf/c596f7f3-bfce-007a-b0ed-83792da1654f?t=1759133628117,Table 1
2024-Q2,Saudi,Male,participation_rate,66.3,Gulf Labour Markets and Migration programme (GLMM) table,research compilation,https://gulfmigration.grc.net/saudi-arabia-labour-force-participation-rates-by-nationality-saudi-non-saudi-and-sex-q1-2021-q3-2025/,Compiled from GASTAT; Q1 2021 to Q1 2024 revised and backcast on the 2022 census
2024-Q2,Saudi,Male,unemployment_rate,4.0,GASTAT Labor Market Statistics Q2 2024,official release,https://www.stats.gov.sa/documents/20117/1994311/LMS+Q2_2024_PR_EN_0.pdf/5572063a-5323-7462-35ae-b1955adb9ebe?t=1735041313566,Table 1
2024-Q2,Saudi,Male,unemployment_rate,4.0,GASTAT Labor Market Statistics Q2 2025,official release,https://www.stats.gov.sa/documents/20117/2435273/LMS+Q2_2025_EN.pdf/c596f7f3-bfce-007a-b0ed-83792da1654f?t=1759133628117,Table 1
2024-Q2,Saudi,Total,employment_to_population,47.2,GASTAT Labor Market Statistics Q2 2024,official release,https://www.stats.gov.sa/documents/20117/1994311/LMS+Q2_2024_PR_EN_0.pdf/5572063a-5323-7462-35ae-b1955adb9ebe?t=1735041313566,Table 1
2024-Q2,Saudi,Total,employment_to_population,47.2,GASTAT Labor Market Statistics Q2 2025,official release,https://www.stats.gov.sa/documents/20117/2435273/LMS+Q2_2025_EN.pdf/c596f7f3-bfce-007a-b0ed-83792da1654f?t=1759133628117,Table 1
2024-Q2,Saudi,Total,participation_rate,50.8,GASTAT Labor Market Statistics Q2 2024,official release,https://www.stats.gov.sa/documents/20117/1994311/LMS+Q2_2024_PR_EN_0.pdf/5572063a-5323-7462-35ae-b1955adb9ebe?t=1735041313566,Table 1
2024-Q2,Saudi,Total,participation_rate,50.8,GASTAT Labor Market Statistics Q2 2025,official release,https://www.stats.gov.sa/documents/20117/2435273/LMS+Q2_2025_EN.pdf/c596f7f3-bfce-007a-b0ed-83792da1654f?t=1759133628117,Table 1
2024-Q2,Saudi,Total,participation_rate,50.8,Gulf Labour Markets and Migration programme (GLMM) table,research compilation,https://gulfmigration.grc.net/saudi-arabia-labour-force-participation-rates-by-nationality-saudi-non-saudi-and-sex-q1-2021-q3-2025/,Compiled from GASTAT; Q1 2021 to Q1 2024 revised and backcast on the 2022 census
2024-Q2,Saudi,Total,unemployment_rate,7.1,GASTAT Labor Market Statistics Q2 2024,official release,https://www.stats.gov.sa/documents/20117/1994311/LMS+Q2_2024_PR_EN_0.pdf/5572063a-5323-7462-35ae-b1955adb9ebe?t=1735041313566,Table 1
2024-Q2,Saudi,Total,unemployment_rate,7.1,GASTAT Labor Market Statistics Q2 2025,official release,https://www.stats.gov.sa/documents/20117/2435273/LMS+Q2_2025_EN.pdf/c596f7f3-bfce-007a-b0ed-83792da1654f?t=1759133628117,Table 1
2024-Q3,Non-Saudi,Female,participation_rate,27.9,GASTAT Labor Market Statistics Q3 2025,official release,https://www.stats.gov.sa/documents/20117/2435273/LMS+Q3_2025+EN.pdf/6fba3faf-5cba-a828-51c9-dc74278856d0?t=1766985974089,Table 1
2024-Q3,Non-Saudi,Female,participation_rate,27.9,GASTAT Labor Market Statistics Q4 2024,official release,https://www.stats.gov.sa/documents/20117/2435273/LMS+Q4_2024_PR_EN+Press+Release+(1).pdf/038aa36a-a31a-9e08-7695-99e77bae858a?t=1756667878440,Table 1
2024-Q3,Non-Saudi,Female,participation_rate,27.9,Gulf Labour Markets and Migration programme (GLMM) table,research compilation,https://gulfmigration.grc.net/saudi-arabia-labour-force-participation-rates-by-nationality-saudi-non-saudi-and-sex-q1-2021-q3-2025/,Compiled from GASTAT
2024-Q3,Saudi,Female,employment_to_population,31.3,GASTAT Labor Market Statistics Q3 2025,official release,https://www.stats.gov.sa/documents/20117/2435273/LMS+Q3_2025+EN.pdf/6fba3faf-5cba-a828-51c9-dc74278856d0?t=1766985974089,Table 1
2024-Q3,Saudi,Female,employment_to_population,31.3,GASTAT Labor Market Statistics Q4 2024,official release,https://www.stats.gov.sa/documents/20117/2435273/LMS+Q4_2024_PR_EN+Press+Release+(1).pdf/038aa36a-a31a-9e08-7695-99e77bae858a?t=1756667878440,Table 1
2024-Q3,Saudi,Female,employment_to_population,31.3,"GASTAT news release, 31 Dec 2024",official news item,https://www.stats.gov.sa/en/w/news/6,
2024-Q3,Saudi,Female,participation_rate,36.2,GASTAT Labor Market Statistics Q3 2025,official release,https://www.stats.gov.sa/documents/20117/2435273/LMS+Q3_2025+EN.pdf/6fba3faf-5cba-a828-51c9-dc74278856d0?t=1766985974089,Table 1
2024-Q3,Saudi,Female,participation_rate,36.2,GASTAT Labor Market Statistics Q4 2024,official release,https://www.stats.gov.sa/documents/20117/2435273/LMS+Q4_2024_PR_EN+Press+Release+(1).pdf/038aa36a-a31a-9e08-7695-99e77bae858a?t=1756667878440,Table 1
2024-Q3,Saudi,Female,participation_rate,36.2,"GASTAT news release, 31 Dec 2024",official news item,https://www.stats.gov.sa/en/w/news/6,
2024-Q3,Saudi,Female,participation_rate,36.2,Gulf Labour Markets and Migration programme (GLMM) table,research compilation,https://gulfmigration.grc.net/saudi-arabia-labour-force-participation-rates-by-nationality-saudi-non-saudi-and-sex-q1-2021-q3-2025/,Compiled from GASTAT; Q1 2021 to Q1 2024 revised and backcast on the 2022 census
2024-Q3,Saudi,Female,unemployment_rate,13.6,GASTAT Labor Market Statistics Q3 2025,official release,https://www.stats.gov.sa/documents/20117/2435273/LMS+Q3_2025+EN.pdf/6fba3faf-5cba-a828-51c9-dc74278856d0?t=1766985974089,Table 1
2024-Q3,Saudi,Female,unemployment_rate,13.6,GASTAT Labor Market Statistics Q4 2024,official release,https://www.stats.gov.sa/documents/20117/2435273/LMS+Q4_2024_PR_EN+Press+Release+(1).pdf/038aa36a-a31a-9e08-7695-99e77bae858a?t=1756667878440,Table 1
2024-Q3,Saudi,Male,employment_to_population,63.7,GASTAT Labor Market Statistics Q3 2025,official release,https://www.stats.gov.sa/documents/20117/2435273/LMS+Q3_2025+EN.pdf/6fba3faf-5cba-a828-51c9-dc74278856d0?t=1766985974089,Table 1
2024-Q3,Saudi,Male,employment_to_population,63.7,GASTAT Labor Market Statistics Q4 2024,official release,https://www.stats.gov.sa/documents/20117/2435273/LMS+Q4_2024_PR_EN+Press+Release+(1).pdf/038aa36a-a31a-9e08-7695-99e77bae858a?t=1756667878440,Table 1
2024-Q3,Saudi,Male,employment_to_population,63.7,"GASTAT news release, 31 Dec 2024",official news item,https://www.stats.gov.sa/en/w/news/6,
2024-Q3,Saudi,Male,participation_rate,66.9,GASTAT Labor Market Statistics Q3 2025,official release,https://www.stats.gov.sa/documents/20117/2435273/LMS+Q3_2025+EN.pdf/6fba3faf-5cba-a828-51c9-dc74278856d0?t=1766985974089,Table 1
2024-Q3,Saudi,Male,participation_rate,66.9,GASTAT Labor Market Statistics Q4 2024,official release,https://www.stats.gov.sa/documents/20117/2435273/LMS+Q4_2024_PR_EN+Press+Release+(1).pdf/038aa36a-a31a-9e08-7695-99e77bae858a?t=1756667878440,Table 1
2024-Q3,Saudi,Male,participation_rate,66.9,"GASTAT news release, 31 Dec 2024",official news item,https://www.stats.gov.sa/en/w/news/6,
2024-Q3,Saudi,Male,participation_rate,66.9,Gulf Labour Markets and Migration programme (GLMM) table,research compilation,https://gulfmigration.grc.net/saudi-arabia-labour-force-participation-rates-by-nationality-saudi-non-saudi-and-sex-q1-2021-q3-2025/,Compiled from GASTAT; Q1 2021 to Q1 2024 revised and backcast on the 2022 census
2024-Q3,Saudi,Male,unemployment_rate,4.7,GASTAT Labor Market Statistics Q3 2025,official release,https://www.stats.gov.sa/documents/20117/2435273/LMS+Q3_2025+EN.pdf/6fba3faf-5cba-a828-51c9-dc74278856d0?t=1766985974089,Table 1
2024-Q3,Saudi,Male,unemployment_rate,4.7,GASTAT Labor Market Statistics Q4 2024,official release,https://www.stats.gov.sa/documents/20117/2435273/LMS+Q4_2024_PR_EN+Press+Release+(1).pdf/038aa36a-a31a-9e08-7695-99e77bae858a?t=1756667878440,Table 1
2024-Q3,Saudi,Total,employment_to_population,47.4,GASTAT Labor Market Statistics Q3 2025,official release,https://www.stats.gov.sa/documents/20117/2435273/LMS+Q3_2025+EN.pdf/6fba3faf-5cba-a828-51c9-dc74278856d0?t=1766985974089,Table 1
2024-Q3,Saudi,Total,employment_to_population,47.4,GASTAT Labor Market Statistics Q4 2024,official release,https://www.stats.gov.sa/documents/20117/2435273/LMS+Q4_2024_PR_EN+Press+Release+(1).pdf/038aa36a-a31a-9e08-7695-99e77bae858a?t=1756667878440,Table 1
2024-Q3,Saudi,Total,participation_rate,51.5,GASTAT Labor Market Statistics Q3 2025,official release,https://www.stats.gov.sa/documents/20117/2435273/LMS+Q3_2025+EN.pdf/6fba3faf-5cba-a828-51c9-dc74278856d0?t=1766985974089,Table 1
2024-Q3,Saudi,Total,participation_rate,51.5,GASTAT Labor Market Statistics Q4 2024,official release,https://www.stats.gov.sa/documents/20117/2435273/LMS+Q4_2024_PR_EN+Press+Release+(1).pdf/038aa36a-a31a-9e08-7695-99e77bae858a?t=1756667878440,Table 1
2024-Q3,Saudi,Total,participation_rate,51.5,Gulf Labour Markets and Migration programme (GLMM) table,research compilation,https://gulfmigration.grc.net/saudi-arabia-labour-force-participation-rates-by-nationality-saudi-non-saudi-and-sex-q1-2021-q3-2025/,Compiled from GASTAT; Q1 2021 to Q1 2024 revised and backcast on the 2022 census
2024-Q3,Saudi,Total,unemployment_rate,7.8,GASTAT Labor Market Statistics Q3 2025,official release,https://www.stats.gov.sa/documents/20117/2435273/LMS+Q3_2025+EN.pdf/6fba3faf-5cba-a828-51c9-dc74278856d0?t=1766985974089,Table 1
2024-Q3,Saudi,Total,unemployment_rate,7.8,GASTAT Labor Market Statistics Q4 2024,official release,https://www.stats.gov.sa/documents/20117/2435273/LMS+Q4_2024_PR_EN+Press+Release+(1).pdf/038aa36a-a31a-9e08-7695-99e77bae858a?t=1756667878440,Table 1
2024-Q3,Saudi,Total,unemployment_rate,7.8,"GASTAT news release, 31 Dec 2024",official news item,https://www.stats.gov.sa/en/w/news/6,
2024-Q4,Non-Saudi,Female,participation_rate,27.9,GASTAT Labor Market Statistics Q1 2025,official release,https://www.stats.gov.sa/documents/20117/2435273/LMS+Q1_2025_PR_EN+Press+Release+(1).pdf/3c2058c8-e83d-a6f2-0040-cb02d3ea08b0?t=1756668205441,Table 1
2024-Q4,Non-Saudi,Female,participation_rate,27.9,GASTAT Labor Market Statistics Q4 2024,official release,https://www.stats.gov.sa/documents/20117/2435273/LMS+Q4_2024_PR_EN+Press+Release+(1).pdf/038aa36a-a31a-9e08-7695-99e77bae858a?t=1756667878440,Table 1
2024-Q4,Non-Saudi,Female,participation_rate,27.9,GASTAT Labor Market Statistics Q4 2025,official release,https://www.stats.gov.sa/documents/d/guest/lms-q4_2025_pr_en-press-release-1-pdf,Table 1
2024-Q4,Non-Saudi,Female,participation_rate,27.9,Gulf Labour Markets and Migration programme (GLMM) table,research compilation,https://gulfmigration.grc.net/saudi-arabia-labour-force-participation-rates-by-nationality-saudi-non-saudi-and-sex-q1-2021-q3-2025/,Compiled from GASTAT
2024-Q4,Saudi,Female,employment_to_population,31.8,GASTAT Labor Market Statistics Q1 2025,official release,https://www.stats.gov.sa/documents/20117/2435273/LMS+Q1_2025_PR_EN+Press+Release+(1).pdf/3c2058c8-e83d-a6f2-0040-cb02d3ea08b0?t=1756668205441,Table 1
2024-Q4,Saudi,Female,employment_to_population,31.8,GASTAT Labor Market Statistics Q4 2024,official release,https://www.stats.gov.sa/documents/20117/2435273/LMS+Q4_2024_PR_EN+Press+Release+(1).pdf/038aa36a-a31a-9e08-7695-99e77bae858a?t=1756667878440,Table 1
2024-Q4,Saudi,Female,employment_to_population,31.8,GASTAT Labor Market Statistics Q4 2025,official release,https://www.stats.gov.sa/documents/d/guest/lms-q4_2025_pr_en-press-release-1-pdf,Table 1
2024-Q4,Saudi,Female,employment_to_population,31.8,"vision2030.ai analysis, 31 Jul 2026",independent analysis,https://vision2030.ai/analysis/saudi-women-workforce-participation-falling/,
2024-Q4,Saudi,Female,participation_rate,36.0,GASTAT Labor Market Statistics Q1 2025,official release,https://www.stats.gov.sa/documents/20117/2435273/LMS+Q1_2025_PR_EN+Press+Release+(1).pdf/3c2058c8-e83d-a6f2-0040-cb02d3ea08b0?t=1756668205441,Table 1
2024-Q4,Saudi,Female,participation_rate,36.0,GASTAT Labor Market Statistics Q4 2024,official release,https://www.stats.gov.sa/documents/20117/2435273/LMS+Q4_2024_PR_EN+Press+Release+(1).pdf/038aa36a-a31a-9e08-7695-99e77bae858a?t=1756667878440,Table 1
2024-Q4,Saudi,Female,participation_rate,36.0,GASTAT Labor Market Statistics Q4 2025,official release,https://www.stats.gov.sa/documents/d/guest/lms-q4_2025_pr_en-press-release-1-pdf,Table 1
2024-Q4,Saudi,Female,participation_rate,36.0,Gulf Labour Markets and Migration programme (GLMM) table,research compilation,https://gulfmigration.grc.net/saudi-arabia-labour-force-participation-rates-by-nationality-saudi-non-saudi-and-sex-q1-2021-q3-2025/,Compiled from GASTAT; Q1 2021 to Q1 2024 revised and backcast on the 2022 census
2024-Q4,Saudi,Female,participation_rate,36.0,"Jadwa Investment, Saudi labor market update 2024",bank research,https://www.jadwa.com/sites/default/files/2025-04/Saudi%20labor%20market%20update%20-%202024.pdf,
2024-Q4,Saudi,Female,participation_rate,36.0,"vision2030.ai analysis, 31 Jul 2026",independent analysis,https://vision2030.ai/analysis/saudi-women-workforce-participation-falling/,
2024-Q4,Saudi,Female,unemployment_rate,11.9,GASTAT Labor Market Statistics Q1 2025,official release,https://www.stats.gov.sa/documents/20117/2435273/LMS+Q1_2025_PR_EN+Press+Release+(1).pdf/3c2058c8-e83d-a6f2-0040-cb02d3ea08b0?t=1756668205441,Table 1
2024-Q4,Saudi,Female,unemployment_rate,11.9,GASTAT Labor Market Statistics Q4 2024,official release,https://www.stats.gov.sa/documents/20117/2435273/LMS+Q4_2024_PR_EN+Press+Release+(1).pdf/038aa36a-a31a-9e08-7695-99e77bae858a?t=1756667878440,Table 1
2024-Q4,Saudi,Female,unemployment_rate,11.9,GASTAT Labor Market Statistics Q4 2025,official release,https://www.stats.gov.sa/documents/d/guest/lms-q4_2025_pr_en-press-release-1-pdf,Table 1
2024-Q4,Saudi,Female,unemployment_rate,11.9,"Jadwa Investment, Saudi labor market update 2024",bank research,https://www.jadwa.com/sites/default/files/2025-04/Saudi%20labor%20market%20update%20-%202024.pdf,
2024-Q4,Saudi,Female,unemployment_rate,11.9,"vision2030.ai analysis, 31 Jul 2026",independent analysis,https://vision2030.ai/analysis/saudi-women-workforce-participation-falling/,
2024-Q4,Saudi,Male,employment_to_population,63.4,GASTAT Labor Market Statistics Q1 2025,official release,https://www.stats.gov.sa/documents/20117/2435273/LMS+Q1_2025_PR_EN+Press+Release+(1).pdf/3c2058c8-e83d-a6f2-0040-cb02d3ea08b0?t=1756668205441,Table 1
2024-Q4,Saudi,Male,employment_to_population,63.4,GASTAT Labor Market Statistics Q4 2024,official release,https://www.stats.gov.sa/documents/20117/2435273/LMS+Q4_2024_PR_EN+Press+Release+(1).pdf/038aa36a-a31a-9e08-7695-99e77bae858a?t=1756667878440,Table 1
2024-Q4,Saudi,Male,employment_to_population,63.4,GASTAT Labor Market Statistics Q4 2025,official release,https://www.stats.gov.sa/documents/d/guest/lms-q4_2025_pr_en-press-release-1-pdf,Table 1
2024-Q4,Saudi,Male,participation_rate,66.2,GASTAT Labor Market Statistics Q1 2025,official release,https://www.stats.gov.sa/documents/20117/2435273/LMS+Q1_2025_PR_EN+Press+Release+(1).pdf/3c2058c8-e83d-a6f2-0040-cb02d3ea08b0?t=1756668205441,Table 1
2024-Q4,Saudi,Male,participation_rate,66.2,GASTAT Labor Market Statistics Q4 2024,official release,https://www.stats.gov.sa/documents/20117/2435273/LMS+Q4_2024_PR_EN+Press+Release+(1).pdf/038aa36a-a31a-9e08-7695-99e77bae858a?t=1756667878440,Table 1
2024-Q4,Saudi,Male,participation_rate,66.2,GASTAT Labor Market Statistics Q4 2025,official release,https://www.stats.gov.sa/documents/d/guest/lms-q4_2025_pr_en-press-release-1-pdf,Table 1
2024-Q4,Saudi,Male,participation_rate,66.2,Gulf Labour Markets and Migration programme (GLMM) table,research compilation,https://gulfmigration.grc.net/saudi-arabia-labour-force-participation-rates-by-nationality-saudi-non-saudi-and-sex-q1-2021-q3-2025/,Compiled from GASTAT; Q1 2021 to Q1 2024 revised and backcast on the 2022 census
2024-Q4,Saudi,Male,unemployment_rate,4.3,GASTAT Labor Market Statistics Q1 2025,official release,https://www.stats.gov.sa/documents/20117/2435273/LMS+Q1_2025_PR_EN+Press+Release+(1).pdf/3c2058c8-e83d-a6f2-0040-cb02d3ea08b0?t=1756668205441,Table 1
2024-Q4,Saudi,Male,unemployment_rate,4.3,GASTAT Labor Market Statistics Q4 2024,official release,https://www.stats.gov.sa/documents/20117/2435273/LMS+Q4_2024_PR_EN+Press+Release+(1).pdf/038aa36a-a31a-9e08-7695-99e77bae858a?t=1756667878440,Table 1
2024-Q4,Saudi,Male,unemployment_rate,4.3,GASTAT Labor Market Statistics Q4 2025,official release,https://www.stats.gov.sa/documents/d/guest/lms-q4_2025_pr_en-press-release-1-pdf,Table 1
2024-Q4,Saudi,Total,employment_to_population,47.5,GASTAT Labor Market Statistics Q1 2025,official release,https://www.stats.gov.sa/documents/20117/2435273/LMS+Q1_2025_PR_EN+Press+Release+(1).pdf/3c2058c8-e83d-a6f2-0040-cb02d3ea08b0?t=1756668205441,Table 1
2024-Q4,Saudi,Total,employment_to_population,47.5,GASTAT Labor Market Statistics Q4 2024,official release,https://www.stats.gov.sa/documents/20117/2435273/LMS+Q4_2024_PR_EN+Press+Release+(1).pdf/038aa36a-a31a-9e08-7695-99e77bae858a?t=1756667878440,Table 1
2024-Q4,Saudi,Total,employment_to_population,47.5,GASTAT Labor Market Statistics Q4 2025,official release,https://www.stats.gov.sa/documents/d/guest/lms-q4_2025_pr_en-press-release-1-pdf,Table 1
2024-Q4,Saudi,Total,participation_rate,51.1,GASTAT Labor Market Statistics Q1 2025,official release,https://www.stats.gov.sa/documents/20117/2435273/LMS+Q1_2025_PR_EN+Press+Release+(1).pdf/3c2058c8-e83d-a6f2-0040-cb02d3ea08b0?t=1756668205441,Table 1
2024-Q4,Saudi,Total,participation_rate,51.1,GASTAT Labor Market Statistics Q4 2024,official release,https://www.stats.gov.sa/documents/20117/2435273/LMS+Q4_2024_PR_EN+Press+Release+(1).pdf/038aa36a-a31a-9e08-7695-99e77bae858a?t=1756667878440,Table 1
2024-Q4,Saudi,Total,participation_rate,51.1,GASTAT Labor Market Statistics Q4 2025,official release,https://www.stats.gov.sa/documents/d/guest/lms-q4_2025_pr_en-press-release-1-pdf,Table 1
2024-Q4,Saudi,Total,participation_rate,51.1,Gulf Labour Markets and Migration programme (GLMM) table,research compilation,https://gulfmigration.grc.net/saudi-arabia-labour-force-participation-rates-by-nationality-saudi-non-saudi-and-sex-q1-2021-q3-2025/,Compiled from GASTAT; Q1 2021 to Q1 2024 revised and backcast on the 2022 census
2024-Q4,Saudi,Total,unemployment_rate,7.0,GASTAT Labor Market Statistics Q1 2025,official release,https://www.stats.gov.sa/documents/20117/2435273/LMS+Q1_2025_PR_EN+Press+Release+(1).pdf/3c2058c8-e83d-a6f2-0040-cb02d3ea08b0?t=1756668205441,Table 1
2024-Q4,Saudi,Total,unemployment_rate,7.0,GASTAT Labor Market Statistics Q4 2024,official release,https://www.stats.gov.sa/documents/20117/2435273/LMS+Q4_2024_PR_EN+Press+Release+(1).pdf/038aa36a-a31a-9e08-7695-99e77bae858a?t=1756667878440,Table 1
2024-Q4,Saudi,Total,unemployment_rate,7.0,GASTAT Labor Market Statistics Q4 2025,official release,https://www.stats.gov.sa/documents/d/guest/lms-q4_2025_pr_en-press-release-1-pdf,Table 1
2025-Q1,Non-Saudi,Female,participation_rate,36.7,GASTAT Labor Market Statistics Q1 2025,official release,https://www.stats.gov.sa/documents/20117/2435273/LMS+Q1_2025_PR_EN+Press+Release+(1).pdf/3c2058c8-e83d-a6f2-0040-cb02d3ea08b0?t=1756668205441,Table 1
2025-Q1,Non-Saudi,Female,participation_rate,36.7,GASTAT Labor Market Statistics Q2 2025,official release,https://www.stats.gov.sa/documents/20117/2435273/LMS+Q2_2025_EN.pdf/c596f7f3-bfce-007a-b0ed-83792da1654f?t=1759133628117,Table 1
2025-Q1,Non-Saudi,Female,participation_rate,36.7,Gulf Labour Markets and Migration programme (GLMM) table,research compilation,https://gulfmigration.grc.net/saudi-arabia-labour-force-participation-rates-by-nationality-saudi-non-saudi-and-sex-q1-2021-q3-2025/,Compiled from GASTAT
2025-Q1,Saudi,Female,employment_to_population,32.5,GASTAT Labor Market Statistics Q1 2025,official release,https://www.stats.gov.sa/documents/20117/2435273/LMS+Q1_2025_PR_EN+Press+Release+(1).pdf/3c2058c8-e83d-a6f2-0040-cb02d3ea08b0?t=1756668205441,Table 1
2025-Q1,Saudi,Female,employment_to_population,32.5,GASTAT Labor Market Statistics Q2 2025,official release,https://www.stats.gov.sa/documents/20117/2435273/LMS+Q2_2025_EN.pdf/c596f7f3-bfce-007a-b0ed-83792da1654f?t=1759133628117,Table 1
2025-Q1,Saudi,Female,employment_to_population,32.5,"vision2030.ai analysis, 31 Jul 2026",independent analysis,https://vision2030.ai/analysis/saudi-women-workforce-participation-falling/,
2025-Q1,Saudi,Female,participation_rate,36.3,GASTAT Labor Market Statistics Q1 2025,official release,https://www.stats.gov.sa/documents/20117/2435273/LMS+Q1_2025_PR_EN+Press+Release+(1).pdf/3c2058c8-e83d-a6f2-0040-cb02d3ea08b0?t=1756668205441,Table 1
2025-Q1,Saudi,Female,participation_rate,36.3,GASTAT Labor Market Statistics Q2 2025,official release,https://www.stats.gov.sa/documents/20117/2435273/LMS+Q2_2025_EN.pdf/c596f7f3-bfce-007a-b0ed-83792da1654f?t=1759133628117,Table 1
2025-Q1,Saudi,Female,participation_rate,36.3,Gulf Labour Markets and Migration programme (GLMM) table,research compilation,https://gulfmigration.grc.net/saudi-arabia-labour-force-participation-rates-by-nationality-saudi-non-saudi-and-sex-q1-2021-q3-2025/,Compiled from GASTAT; Q1 2021 to Q1 2024 revised and backcast on the 2022 census
2025-Q1,Saudi,Female,participation_rate,36.3,"vision2030.ai analysis, 31 Jul 2026",independent analysis,https://vision2030.ai/analysis/saudi-women-workforce-participation-falling/,
2025-Q1,Saudi,Female,unemployment_rate,10.5,GASTAT Labor Market Statistics Q1 2025,official release,https://www.stats.gov.sa/documents/20117/2435273/LMS+Q1_2025_PR_EN+Press+Release+(1).pdf/3c2058c8-e83d-a6f2-0040-cb02d3ea08b0?t=1756668205441,Table 1
2025-Q1,Saudi,Female,unemployment_rate,10.5,GASTAT Labor Market Statistics Q2 2025,official release,https://www.stats.gov.sa/documents/20117/2435273/LMS+Q2_2025_EN.pdf/c596f7f3-bfce-007a-b0ed-83792da1654f?t=1759133628117,Table 1
2025-Q1,Saudi,Female,unemployment_rate,10.5,"vision2030.ai analysis, 31 Jul 2026",independent analysis,https://vision2030.ai/analysis/saudi-women-workforce-participation-falling/,
2025-Q1,Saudi,Male,employment_to_population,63.8,GASTAT Labor Market Statistics Q1 2025,official release,https://www.stats.gov.sa/documents/20117/2435273/LMS+Q1_2025_PR_EN+Press+Release+(1).pdf/3c2058c8-e83d-a6f2-0040-cb02d3ea08b0?t=1756668205441,Table 1
2025-Q1,Saudi,Male,employment_to_population,63.8,GASTAT Labor Market Statistics Q2 2025,official release,https://www.stats.gov.sa/documents/20117/2435273/LMS+Q2_2025_EN.pdf/c596f7f3-bfce-007a-b0ed-83792da1654f?t=1759133628117,Table 1
2025-Q1,Saudi,Male,participation_rate,66.4,GASTAT Labor Market Statistics Q1 2025,official release,https://www.stats.gov.sa/documents/20117/2435273/LMS+Q1_2025_PR_EN+Press+Release+(1).pdf/3c2058c8-e83d-a6f2-0040-cb02d3ea08b0?t=1756668205441,Table 1
2025-Q1,Saudi,Male,participation_rate,66.4,GASTAT Labor Market Statistics Q2 2025,official release,https://www.stats.gov.sa/documents/20117/2435273/LMS+Q2_2025_EN.pdf/c596f7f3-bfce-007a-b0ed-83792da1654f?t=1759133628117,Table 1
2025-Q1,Saudi,Male,participation_rate,66.4,Gulf Labour Markets and Migration programme (GLMM) table,research compilation,https://gulfmigration.grc.net/saudi-arabia-labour-force-participation-rates-by-nationality-saudi-non-saudi-and-sex-q1-2021-q3-2025/,Compiled from GASTAT; Q1 2021 to Q1 2024 revised and backcast on the 2022 census
2025-Q1,Saudi,Male,unemployment_rate,4.0,GASTAT Labor Market Statistics Q1 2025,official release,https://www.stats.gov.sa/documents/20117/2435273/LMS+Q1_2025_PR_EN+Press+Release+(1).pdf/3c2058c8-e83d-a6f2-0040-cb02d3ea08b0?t=1756668205441,Table 1
2025-Q1,Saudi,Male,unemployment_rate,4.0,GASTAT Labor Market Statistics Q2 2025,official release,https://www.stats.gov.sa/documents/20117/2435273/LMS+Q2_2025_EN.pdf/c596f7f3-bfce-007a-b0ed-83792da1654f?t=1759133628117,Table 1
2025-Q1,Saudi,Total,employment_to_population,48.0,GASTAT Labor Market Statistics Q1 2025,official release,https://www.stats.gov.sa/documents/20117/2435273/LMS+Q1_2025_PR_EN+Press+Release+(1).pdf/3c2058c8-e83d-a6f2-0040-cb02d3ea08b0?t=1756668205441,Table 1
2025-Q1,Saudi,Total,employment_to_population,48.0,GASTAT Labor Market Statistics Q2 2025,official release,https://www.stats.gov.sa/documents/20117/2435273/LMS+Q2_2025_EN.pdf/c596f7f3-bfce-007a-b0ed-83792da1654f?t=1759133628117,Table 1
2025-Q1,Saudi,Total,participation_rate,51.3,GASTAT Labor Market Statistics Q1 2025,official release,https://www.stats.gov.sa/documents/20117/2435273/LMS+Q1_2025_PR_EN+Press+Release+(1).pdf/3c2058c8-e83d-a6f2-0040-cb02d3ea08b0?t=1756668205441,Table 1
2025-Q1,Saudi,Total,participation_rate,51.3,GASTAT Labor Market Statistics Q2 2025,official release,https://www.stats.gov.sa/documents/20117/2435273/LMS+Q2_2025_EN.pdf/c596f7f3-bfce-007a-b0ed-83792da1654f?t=1759133628117,Table 1
2025-Q1,Saudi,Total,participation_rate,51.3,Gulf Labour Markets and Migration programme (GLMM) table,research compilation,https://gulfmigration.grc.net/saudi-arabia-labour-force-participation-rates-by-nationality-saudi-non-saudi-and-sex-q1-2021-q3-2025/,Compiled from GASTAT; Q1 2021 to Q1 2024 revised and backcast on the 2022 census
2025-Q1,Saudi,Total,unemployment_rate,6.3,GASTAT Labor Market Statistics Q1 2025,official release,https://www.stats.gov.sa/documents/20117/2435273/LMS+Q1_2025_PR_EN+Press+Release+(1).pdf/3c2058c8-e83d-a6f2-0040-cb02d3ea08b0?t=1756668205441,Table 1
2025-Q1,Saudi,Total,unemployment_rate,6.3,GASTAT Labor Market Statistics Q2 2025,official release,https://www.stats.gov.sa/documents/20117/2435273/LMS+Q2_2025_EN.pdf/c596f7f3-bfce-007a-b0ed-83792da1654f?t=1759133628117,Table 1
2025-Q2,Non-Saudi,Female,participation_rate,37.1,GASTAT Labor Market Statistics Q2 2025,official release,https://www.stats.gov.sa/documents/20117/2435273/LMS+Q2_2025_EN.pdf/c596f7f3-bfce-007a-b0ed-83792da1654f?t=1759133628117,Table 1
2025-Q2,Non-Saudi,Female,participation_rate,37.1,GASTAT Labor Market Statistics Q2 2026,official release,https://ent.news/2026/09/1325.pdf,"Table 1; PDF copy hosted by a news site, not stats.gov.sa"
2025-Q2,Non-Saudi,Female,participation_rate,37.1,GASTAT Labor Market Statistics Q3 2025,official release,https://www.stats.gov.sa/documents/20117/2435273/LMS+Q3_2025+EN.pdf/6fba3faf-5cba-a828-51c9-dc74278856d0?t=1766985974089,Table 1
2025-Q2,Non-Saudi,Female,participation_rate,37.1,Gulf Labour Markets and Migration programme (GLMM) table,research compilation,https://gulfmigration.grc.net/saudi-arabia-labour-force-participation-rates-by-nationality-saudi-non-saudi-and-sex-q1-2021-q3-2025/,Compiled from GASTAT
2025-Q2,Saudi,Female,employment_to_population,30.6,GASTAT Labor Market Statistics Q2 2025,official release,https://www.stats.gov.sa/documents/20117/2435273/LMS+Q2_2025_EN.pdf/c596f7f3-bfce-007a-b0ed-83792da1654f?t=1759133628117,Table 1
2025-Q2,Saudi,Female,employment_to_population,30.6,GASTAT Labor Market Statistics Q2 2026,official release,https://ent.news/2026/09/1325.pdf,"Table 1; PDF copy hosted by a news site, not stats.gov.sa"
2025-Q2,Saudi,Female,employment_to_population,30.6,GASTAT Labor Market Statistics Q3 2025,official release,https://www.stats.gov.sa/documents/20117/2435273/LMS+Q3_2025+EN.pdf/6fba3faf-5cba-a828-51c9-dc74278856d0?t=1766985974089,Table 1
2025-Q2,Saudi,Female,participation_rate,34.5,GASTAT Labor Market Statistics Q2 2025,official release,https://www.stats.gov.sa/documents/20117/2435273/LMS+Q2_2025_EN.pdf/c596f7f3-bfce-007a-b0ed-83792da1654f?t=1759133628117,Table 1
2025-Q2,Saudi,Female,participation_rate,34.5,GASTAT Labor Market Statistics Q2 2026,official release,https://ent.news/2026/09/1325.pdf,"Table 1; PDF copy hosted by a news site, not stats.gov.sa"
2025-Q2,Saudi,Female,participation_rate,34.5,GASTAT Labor Market Statistics Q3 2025,official release,https://www.stats.gov.sa/documents/20117/2435273/LMS+Q3_2025+EN.pdf/6fba3faf-5cba-a828-51c9-dc74278856d0?t=1766985974089,Table 1
2025-Q2,Saudi,Female,participation_rate,34.5,"GASTAT news release, 30 Sep 2025",official news item,https://www.stats.gov.sa/en/w/news/93,
2025-Q2,Saudi,Female,participation_rate,34.5,Gulf Labour Markets and Migration programme (GLMM) table,research compilation,https://gulfmigration.grc.net/saudi-arabia-labour-force-participation-rates-by-nationality-saudi-non-saudi-and-sex-q1-2021-q3-2025/,Compiled from GASTAT; Q1 2021 to Q1 2024 revised and backcast on the 2022 census
2025-Q2,Saudi,Female,participation_rate,34.5,"vision2030.ai analysis, 31 Jul 2026",independent analysis,https://vision2030.ai/analysis/saudi-women-workforce-participation-falling/,
2025-Q2,Saudi,Female,unemployment_rate,11.3,GASTAT Labor Market Statistics Q2 2025,official release,https://www.stats.gov.sa/documents/20117/2435273/LMS+Q2_2025_EN.pdf/c596f7f3-bfce-007a-b0ed-83792da1654f?t=1759133628117,Table 1
2025-Q2,Saudi,Female,unemployment_rate,11.3,GASTAT Labor Market Statistics Q2 2026,official release,https://ent.news/2026/09/1325.pdf,"Table 1; PDF copy hosted by a news site, not stats.gov.sa"
2025-Q2,Saudi,Female,unemployment_rate,11.3,GASTAT Labor Market Statistics Q3 2025,official release,https://www.stats.gov.sa/documents/20117/2435273/LMS+Q3_2025+EN.pdf/6fba3faf-5cba-a828-51c9-dc74278856d0?t=1766985974089,Table 1
2025-Q2,Saudi,Female,unemployment_rate,11.3,"GASTAT news release, 30 Sep 2025",official news item,https://www.stats.gov.sa/en/w/news/93,
2025-Q2,Saudi,Female,unemployment_rate,11.3,"vision2030.ai analysis, 31 Jul 2026",independent analysis,https://vision2030.ai/analysis/saudi-women-workforce-participation-falling/,
2025-Q2,Saudi,Male,employment_to_population,61.3,GASTAT Labor Market Statistics Q2 2025,official release,https://www.stats.gov.sa/documents/20117/2435273/LMS+Q2_2025_EN.pdf/c596f7f3-bfce-007a-b0ed-83792da1654f?t=1759133628117,Table 1
2025-Q2,Saudi,Male,employment_to_population,61.3,GASTAT Labor Market Statistics Q2 2026,official release,https://ent.news/2026/09/1325.pdf,"Table 1; PDF copy hosted by a news site, not stats.gov.sa"
2025-Q2,Saudi,Male,employment_to_population,61.3,GASTAT Labor Market Statistics Q3 2025,official release,https://www.stats.gov.sa/documents/20117/2435273/LMS+Q3_2025+EN.pdf/6fba3faf-5cba-a828-51c9-dc74278856d0?t=1766985974089,Table 1
2025-Q2,Saudi,Male,participation_rate,64.0,GASTAT Labor Market Statistics Q2 2025,official release,https://www.stats.gov.sa/documents/20117/2435273/LMS+Q2_2025_EN.pdf/c596f7f3-bfce-007a-b0ed-83792da1654f?t=1759133628117,Table 1
2025-Q2,Saudi,Male,participation_rate,64.0,GASTAT Labor Market Statistics Q2 2026,official release,https://ent.news/2026/09/1325.pdf,"Table 1; PDF copy hosted by a news site, not stats.gov.sa"
2025-Q2,Saudi,Male,participation_rate,64.0,GASTAT Labor Market Statistics Q3 2025,official release,https://www.stats.gov.sa/documents/20117/2435273/LMS+Q3_2025+EN.pdf/6fba3faf-5cba-a828-51c9-dc74278856d0?t=1766985974089,Table 1
2025-Q2,Saudi,Male,participation_rate,64.0,"GASTAT news release, 30 Sep 2025",official news item,https://www.stats.gov.sa/en/w/news/93,
2025-Q2,Saudi,Male,participation_rate,64.0,Gulf Labour Markets and Migration programme (GLMM) table,research compilation,https://gulfmigration.grc.net/saudi-arabia-labour-force-participation-rates-by-nationality-saudi-non-saudi-and-sex-q1-2021-q3-2025/,Compiled from GASTAT; Q1 2021 to Q1 2024 revised and backcast on the 2022 census
2025-Q2,Saudi,Male,unemployment_rate,4.3,GASTAT Labor Market Statistics Q2 2025,official release,https://www.stats.gov.sa/documents/20117/2435273/LMS+Q2_2025_EN.pdf/c596f7f3-bfce-007a-b0ed-83792da1654f?t=1759133628117,Table 1
2025-Q2,Saudi,Male,unemployment_rate,4.3,GASTAT Labor Market Statistics Q2 2026,official release,https://ent.news/2026/09/1325.pdf,"Table 1; PDF copy hosted by a news site, not stats.gov.sa"
2025-Q2,Saudi,Male,unemployment_rate,4.3,GASTAT Labor Market Statistics Q3 2025,official release,https://www.stats.gov.sa/documents/20117/2435273/LMS+Q3_2025+EN.pdf/6fba3faf-5cba-a828-51c9-dc74278856d0?t=1766985974089,Table 1
2025-Q2,Saudi,Male,unemployment_rate,4.3,"GASTAT news release, 30 Sep 2025",official news item,https://www.stats.gov.sa/en/w/news/93,
2025-Q2,Saudi,Total,employment_to_population,45.9,GASTAT Labor Market Statistics Q2 2025,official release,https://www.stats.gov.sa/documents/20117/2435273/LMS+Q2_2025_EN.pdf/c596f7f3-bfce-007a-b0ed-83792da1654f?t=1759133628117,Table 1
2025-Q2,Saudi,Total,employment_to_population,45.9,GASTAT Labor Market Statistics Q2 2026,official release,https://ent.news/2026/09/1325.pdf,"Table 1; PDF copy hosted by a news site, not stats.gov.sa"
2025-Q2,Saudi,Total,employment_to_population,45.9,GASTAT Labor Market Statistics Q3 2025,official release,https://www.stats.gov.sa/documents/20117/2435273/LMS+Q3_2025+EN.pdf/6fba3faf-5cba-a828-51c9-dc74278856d0?t=1766985974089,Table 1
2025-Q2,Saudi,Total,participation_rate,49.2,GASTAT Labor Market Statistics Q2 2025,official release,https://www.stats.gov.sa/documents/20117/2435273/LMS+Q2_2025_EN.pdf/c596f7f3-bfce-007a-b0ed-83792da1654f?t=1759133628117,Table 1
2025-Q2,Saudi,Total,participation_rate,49.2,GASTAT Labor Market Statistics Q2 2026,official release,https://ent.news/2026/09/1325.pdf,"Table 1; PDF copy hosted by a news site, not stats.gov.sa"
2025-Q2,Saudi,Total,participation_rate,49.2,GASTAT Labor Market Statistics Q3 2025,official release,https://www.stats.gov.sa/documents/20117/2435273/LMS+Q3_2025+EN.pdf/6fba3faf-5cba-a828-51c9-dc74278856d0?t=1766985974089,Table 1
2025-Q2,Saudi,Total,participation_rate,49.2,"GASTAT news release, 30 Sep 2025",official news item,https://www.stats.gov.sa/en/w/news/93,
2025-Q2,Saudi,Total,participation_rate,49.2,Gulf Labour Markets and Migration programme (GLMM) table,research compilation,https://gulfmigration.grc.net/saudi-arabia-labour-force-participation-rates-by-nationality-saudi-non-saudi-and-sex-q1-2021-q3-2025/,Compiled from GASTAT; Q1 2021 to Q1 2024 revised and backcast on the 2022 census
2025-Q2,Saudi,Total,unemployment_rate,6.8,GASTAT Labor Market Statistics Q2 2025,official release,https://www.stats.gov.sa/documents/20117/2435273/LMS+Q2_2025_EN.pdf/c596f7f3-bfce-007a-b0ed-83792da1654f?t=1759133628117,Table 1
2025-Q2,Saudi,Total,unemployment_rate,6.8,GASTAT Labor Market Statistics Q2 2026,official release,https://ent.news/2026/09/1325.pdf,"Table 1; PDF copy hosted by a news site, not stats.gov.sa"
2025-Q2,Saudi,Total,unemployment_rate,6.8,GASTAT Labor Market Statistics Q3 2025,official release,https://www.stats.gov.sa/documents/20117/2435273/LMS+Q3_2025+EN.pdf/6fba3faf-5cba-a828-51c9-dc74278856d0?t=1766985974089,Table 1
2025-Q2,Saudi,Total,unemployment_rate,6.8,"GASTAT news release, 30 Sep 2025",official news item,https://www.stats.gov.sa/en/w/news/93,
2025-Q3,Non-Saudi,Female,participation_rate,35.1,GASTAT Labor Market Statistics Q3 2025,official release,https://www.stats.gov.sa/documents/20117/2435273/LMS+Q3_2025+EN.pdf/6fba3faf-5cba-a828-51c9-dc74278856d0?t=1766985974089,Table 1
2025-Q3,Non-Saudi,Female,participation_rate,35.1,GASTAT Labor Market Statistics Q4 2025,official release,https://www.stats.gov.sa/documents/d/guest/lms-q4_2025_pr_en-press-release-1-pdf,Table 1
2025-Q3,Non-Saudi,Female,participation_rate,35.1,Gulf Labour Markets and Migration programme (GLMM) table,research compilation,https://gulfmigration.grc.net/saudi-arabia-labour-force-participation-rates-by-nationality-saudi-non-saudi-and-sex-q1-2021-q3-2025/,Compiled from GASTAT
2025-Q3,Saudi,Female,employment_to_population,29.7,GASTAT Labor Market Statistics Q3 2025,official release,https://www.stats.gov.sa/documents/20117/2435273/LMS+Q3_2025+EN.pdf/6fba3faf-5cba-a828-51c9-dc74278856d0?t=1766985974089,Table 1
2025-Q3,Saudi,Female,employment_to_population,29.7,GASTAT Labor Market Statistics Q4 2025,official release,https://www.stats.gov.sa/documents/d/guest/lms-q4_2025_pr_en-press-release-1-pdf,Table 1
2025-Q3,Saudi,Female,employment_to_population,29.7,"Saudi Press Agency, 29 Dec 2025",news report,https://www.spa.gov.sa/en/N2477813,
2025-Q3,Saudi,Female,employment_to_population,29.7,"vision2030.ai analysis, 31 Jul 2026",independent analysis,https://vision2030.ai/analysis/saudi-women-workforce-participation-falling/,
2025-Q3,Saudi,Female,participation_rate,33.7,GASTAT Labor Market Statistics Q3 2025,official release,https://www.stats.gov.sa/documents/20117/2435273/LMS+Q3_2025+EN.pdf/6fba3faf-5cba-a828-51c9-dc74278856d0?t=1766985974089,Table 1
2025-Q3,Saudi,Female,participation_rate,33.7,GASTAT Labor Market Statistics Q4 2025,official release,https://www.stats.gov.sa/documents/d/guest/lms-q4_2025_pr_en-press-release-1-pdf,Table 1
2025-Q3,Saudi,Female,participation_rate,33.7,Gulf Labour Markets and Migration programme (GLMM) table,research compilation,https://gulfmigration.grc.net/saudi-arabia-labour-force-participation-rates-by-nationality-saudi-non-saudi-and-sex-q1-2021-q3-2025/,Compiled from GASTAT; Q1 2021 to Q1 2024 revised and backcast on the 2022 census
2025-Q3,Saudi,Female,participation_rate,33.7,"vision2030.ai analysis, 31 Jul 2026",independent analysis,https://vision2030.ai/analysis/saudi-women-workforce-participation-falling/,
2025-Q3,Saudi,Female,unemployment_rate,12.1,GASTAT Labor Market Statistics Q3 2025,official release,https://www.stats.gov.sa/documents/20117/2435273/LMS+Q3_2025+EN.pdf/6fba3faf-5cba-a828-51c9-dc74278856d0?t=1766985974089,Table 1
2025-Q3,Saudi,Female,unemployment_rate,12.1,GASTAT Labor Market Statistics Q4 2025,official release,https://www.stats.gov.sa/documents/d/guest/lms-q4_2025_pr_en-press-release-1-pdf,Table 1
2025-Q3,Saudi,Female,unemployment_rate,12.1,"Saudi Press Agency, 29 Dec 2025",news report,https://www.spa.gov.sa/en/N2477813,
2025-Q3,Saudi,Female,unemployment_rate,12.1,"vision2030.ai analysis, 31 Jul 2026",independent analysis,https://vision2030.ai/analysis/saudi-women-workforce-participation-falling/,
2025-Q3,Saudi,Male,employment_to_population,61.1,GASTAT Labor Market Statistics Q3 2025,official release,https://www.stats.gov.sa/documents/20117/2435273/LMS+Q3_2025+EN.pdf/6fba3faf-5cba-a828-51c9-dc74278856d0?t=1766985974089,Table 1
2025-Q3,Saudi,Male,employment_to_population,61.1,GASTAT Labor Market Statistics Q4 2025,official release,https://www.stats.gov.sa/documents/d/guest/lms-q4_2025_pr_en-press-release-1-pdf,Table 1
2025-Q3,Saudi,Male,participation_rate,64.3,GASTAT Labor Market Statistics Q3 2025,official release,https://www.stats.gov.sa/documents/20117/2435273/LMS+Q3_2025+EN.pdf/6fba3faf-5cba-a828-51c9-dc74278856d0?t=1766985974089,Table 1
2025-Q3,Saudi,Male,participation_rate,64.3,GASTAT Labor Market Statistics Q4 2025,official release,https://www.stats.gov.sa/documents/d/guest/lms-q4_2025_pr_en-press-release-1-pdf,Table 1
2025-Q3,Saudi,Male,participation_rate,64.3,Gulf Labour Markets and Migration programme (GLMM) table,research compilation,https://gulfmigration.grc.net/saudi-arabia-labour-force-participation-rates-by-nationality-saudi-non-saudi-and-sex-q1-2021-q3-2025/,Compiled from GASTAT; Q1 2021 to Q1 2024 revised and backcast on the 2022 census
2025-Q3,Saudi,Male,participation_rate,64.3,"Saudi Press Agency, 29 Dec 2025",news report,https://www.spa.gov.sa/en/N2477813,
2025-Q3,Saudi,Male,unemployment_rate,5.0,GASTAT Labor Market Statistics Q3 2025,official release,https://www.stats.gov.sa/documents/20117/2435273/LMS+Q3_2025+EN.pdf/6fba3faf-5cba-a828-51c9-dc74278856d0?t=1766985974089,Table 1
2025-Q3,Saudi,Male,unemployment_rate,5.0,GASTAT Labor Market Statistics Q4 2025,official release,https://www.stats.gov.sa/documents/d/guest/lms-q4_2025_pr_en-press-release-1-pdf,Table 1
2025-Q3,Saudi,Total,employment_to_population,45.3,GASTAT Labor Market Statistics Q3 2025,official release,https://www.stats.gov.sa/documents/20117/2435273/LMS+Q3_2025+EN.pdf/6fba3faf-5cba-a828-51c9-dc74278856d0?t=1766985974089,Table 1
2025-Q3,Saudi,Total,employment_to_population,45.3,GASTAT Labor Market Statistics Q4 2025,official release,https://www.stats.gov.sa/documents/d/guest/lms-q4_2025_pr_en-press-release-1-pdf,Table 1
2025-Q3,Saudi,Total,participation_rate,49.0,GASTAT Labor Market Statistics Q3 2025,official release,https://www.stats.gov.sa/documents/20117/2435273/LMS+Q3_2025+EN.pdf/6fba3faf-5cba-a828-51c9-dc74278856d0?t=1766985974089,Table 1
2025-Q3,Saudi,Total,participation_rate,49.0,GASTAT Labor Market Statistics Q4 2025,official release,https://www.stats.gov.sa/documents/d/guest/lms-q4_2025_pr_en-press-release-1-pdf,Table 1
2025-Q3,Saudi,Total,participation_rate,49.0,Gulf Labour Markets and Migration programme (GLMM) table,research compilation,https://gulfmigration.grc.net/saudi-arabia-labour-force-participation-rates-by-nationality-saudi-non-saudi-and-sex-q1-2021-q3-2025/,Compiled from GASTAT; Q1 2021 to Q1 2024 revised and backcast on the 2022 census
2025-Q3,Saudi,Total,unemployment_rate,7.5,GASTAT Labor Market Statistics Q3 2025,official release,https://www.stats.gov.sa/documents/20117/2435273/LMS+Q3_2025+EN.pdf/6fba3faf-5cba-a828-51c9-dc74278856d0?t=1766985974089,Table 1
2025-Q3,Saudi,Total,unemployment_rate,7.5,GASTAT Labor Market Statistics Q4 2025,official release,https://www.stats.gov.sa/documents/d/guest/lms-q4_2025_pr_en-press-release-1-pdf,Table 1
2025-Q3,Saudi,Total,unemployment_rate,7.5,"Saudi Press Agency, 29 Dec 2025",news report,https://www.spa.gov.sa/en/N2477813,
2025-Q4,Non-Saudi,Female,participation_rate,36.0,GASTAT Labor Market Statistics Q4 2025,official release,https://www.stats.gov.sa/documents/d/guest/lms-q4_2025_pr_en-press-release-1-pdf,Table 1
2025-Q4,Saudi,Female,employment_to_population,31.0,GASTAT Labor Market Statistics Q4 2025,official release,https://www.stats.gov.sa/documents/d/guest/lms-q4_2025_pr_en-press-release-1-pdf,Table 1
2025-Q4,Saudi,Female,employment_to_population,31.0,"Saudi Press Agency, 31 Mar 2026",news report,https://www.spa.gov.sa/en/N2549792,
2025-Q4,Saudi,Female,employment_to_population,31.0,"vision2030.ai analysis, 31 Jul 2026",independent analysis,https://vision2030.ai/analysis/saudi-women-workforce-participation-falling/,
2025-Q4,Saudi,Female,participation_rate,34.5,GASTAT Labor Market Statistics Q4 2025,official release,https://www.stats.gov.sa/documents/d/guest/lms-q4_2025_pr_en-press-release-1-pdf,Table 1
2025-Q4,Saudi,Female,participation_rate,34.5,"vision2030.ai analysis, 31 Jul 2026",independent analysis,https://vision2030.ai/analysis/saudi-women-workforce-participation-falling/,
2025-Q4,Saudi,Female,unemployment_rate,10.3,GASTAT Labor Market Statistics Q4 2025,official release,https://www.stats.gov.sa/documents/d/guest/lms-q4_2025_pr_en-press-release-1-pdf,Table 1
2025-Q4,Saudi,Female,unemployment_rate,10.3,"Saudi Press Agency, 31 Mar 2026",news report,https://www.spa.gov.sa/en/N2549792,
2025-Q4,Saudi,Female,unemployment_rate,10.3,"vision2030.ai analysis, 31 Jul 2026",independent analysis,https://vision2030.ai/analysis/saudi-women-workforce-participation-falling/,
2025-Q4,Saudi,Male,employment_to_population,61.1,GASTAT Labor Market Statistics Q4 2025,official release,https://www.stats.gov.sa/documents/d/guest/lms-q4_2025_pr_en-press-release-1-pdf,Table 1
2025-Q4,Saudi,Male,participation_rate,64.7,GASTAT Labor Market Statistics Q4 2025,official release,https://www.stats.gov.sa/documents/d/guest/lms-q4_2025_pr_en-press-release-1-pdf,Table 1
2025-Q4,Saudi,Male,participation_rate,64.7,"Saudi Press Agency, 31 Mar 2026",news report,https://www.spa.gov.sa/en/N2549792,
2025-Q4,Saudi,Male,unemployment_rate,5.6,GASTAT Labor Market Statistics Q4 2025,official release,https://www.stats.gov.sa/documents/d/guest/lms-q4_2025_pr_en-press-release-1-pdf,Table 1
2025-Q4,Saudi,Total,employment_to_population,45.9,GASTAT Labor Market Statistics Q4 2025,official release,https://www.stats.gov.sa/documents/d/guest/lms-q4_2025_pr_en-press-release-1-pdf,Table 1
2025-Q4,Saudi,Total,employment_to_population,45.9,"Saudi Press Agency, 31 Mar 2026",news report,https://www.spa.gov.sa/en/N2549792,
2025-Q4,Saudi,Total,participation_rate,49.5,GASTAT Labor Market Statistics Q4 2025,official release,https://www.stats.gov.sa/documents/d/guest/lms-q4_2025_pr_en-press-release-1-pdf,Table 1
2025-Q4,Saudi,Total,participation_rate,49.5,"Saudi Press Agency, 31 Mar 2026",news report,https://www.spa.gov.sa/en/N2549792,
2025-Q4,Saudi,Total,unemployment_rate,7.2,GASTAT Labor Market Statistics Q4 2025,official release,https://www.stats.gov.sa/documents/d/guest/lms-q4_2025_pr_en-press-release-1-pdf,Table 1
2026-Q1,Non-Saudi,Female,participation_rate,35.1,GASTAT Labor Market Statistics Q2 2026,official release,https://ent.news/2026/09/1325.pdf,"Table 1; PDF copy hosted by a news site, not stats.gov.sa"
2026-Q1,Saudi,Female,employment_to_population,30.8,GASTAT Labor Market Statistics Q2 2026,official release,https://ent.news/2026/09/1325.pdf,"Table 1; PDF copy hosted by a news site, not stats.gov.sa"
2026-Q1,Saudi,Female,employment_to_population,30.8,"vision2030.ai analysis, 31 Jul 2026",independent analysis,https://vision2030.ai/analysis/saudi-women-workforce-participation-falling/,
2026-Q1,Saudi,Female,participation_rate,33.9,"Argaam, 30 Sep 2026",news report,https://www.argaam.com/en/article/articledetail/id/1940210,
2026-Q1,Saudi,Female,participation_rate,33.9,GASTAT Labor Market Statistics Q2 2026,official release,https://ent.news/2026/09/1325.pdf,"Table 1; PDF copy hosted by a news site, not stats.gov.sa"
2026-Q1,Saudi,Female,participation_rate,33.9,"vision2030.ai analysis, 31 Jul 2026",independent analysis,https://vision2030.ai/analysis/saudi-women-workforce-participation-falling/,
2026-Q1,Saudi,Female,unemployment_rate,9.0,GASTAT Labor Market Statistics Q2 2026,official release,https://ent.news/2026/09/1325.pdf,"Table 1; PDF copy hosted by a news site, not stats.gov.sa"
2026-Q1,Saudi,Female,unemployment_rate,9.0,"vision2030.ai analysis, 31 Jul 2026",independent analysis,https://vision2030.ai/analysis/saudi-women-workforce-participation-falling/,
2026-Q1,Saudi,Male,employment_to_population,61.0,GASTAT Labor Market Statistics Q2 2026,official release,https://ent.news/2026/09/1325.pdf,"Table 1; PDF copy hosted by a news site, not stats.gov.sa"
2026-Q1,Saudi,Male,participation_rate,64.2,GASTAT Labor Market Statistics Q2 2026,official release,https://ent.news/2026/09/1325.pdf,"Table 1; PDF copy hosted by a news site, not stats.gov.sa"
2026-Q1,Saudi,Male,unemployment_rate,4.9,GASTAT Labor Market Statistics Q2 2026,official release,https://ent.news/2026/09/1325.pdf,"Table 1; PDF copy hosted by a news site, not stats.gov.sa"
2026-Q1,Saudi,Total,employment_to_population,45.8,GASTAT Labor Market Statistics Q2 2026,official release,https://ent.news/2026/09/1325.pdf,"Table 1; PDF copy hosted by a news site, not stats.gov.sa"
2026-Q1,Saudi,Total,participation_rate,49.0,GASTAT Labor Market Statistics Q2 2026,official release,https://ent.news/2026/09/1325.pdf,"Table 1; PDF copy hosted by a news site, not stats.gov.sa"
2026-Q1,Saudi,Total,unemployment_rate,6.4,"Argaam, 30 Sep 2026",news report,https://www.argaam.com/en/article/articledetail/id/1940210,
2026-Q1,Saudi,Total,unemployment_rate,6.4,GASTAT Labor Market Statistics Q2 2026,official release,https://ent.news/2026/09/1325.pdf,"Table 1; PDF copy hosted by a news site, not stats.gov.sa"
2026-Q2,Non-Saudi,Female,participation_rate,34.7,GASTAT Labor Market Statistics Q2 2026,official release,https://ent.news/2026/09/1325.pdf,"Table 1; PDF copy hosted by a news site, not stats.gov.sa"
2026-Q2,Saudi,Female,employment_to_population,30.5,GASTAT Labor Market Statistics Q2 2026,official release,https://ent.news/2026/09/1325.pdf,"Table 1; PDF copy hosted by a news site, not stats.gov.sa"
2026-Q2,Saudi,Female,participation_rate,33.7,"Argaam, 30 Sep 2026",news report,https://www.argaam.com/en/article/articledetail/id/1940210,
2026-Q2,Saudi,Female,participation_rate,33.7,GASTAT Labor Market Statistics Q2 2026,official release,https://ent.news/2026/09/1325.pdf,"Table 1; PDF copy hosted by a news site, not stats.gov.sa"
2026-Q2,Saudi,Female,unemployment_rate,9.6,"Argaam, 30 Sep 2026",news report,https://www.argaam.com/en/article/articledetail/id/1940210,
2026-Q2,Saudi,Female,unemployment_rate,9.6,GASTAT Labor Market Statistics Q2 2026,official release,https://ent.news/2026/09/1325.pdf,"Table 1; PDF copy hosted by a news site, not stats.gov.sa"
2026-Q2,Saudi,Male,employment_to_population,60.8,GASTAT Labor Market Statistics Q2 2026,official release,https://ent.news/2026/09/1325.pdf,"Table 1; PDF copy hosted by a news site, not stats.gov.sa"
2026-Q2,Saudi,Male,participation_rate,63.9,"Argaam, 30 Sep 2026",news report,https://www.argaam.com/en/article/articledetail/id/1940210,
2026-Q2,Saudi,Male,participation_rate,63.9,GASTAT Labor Market Statistics Q2 2026,official release,https://ent.news/2026/09/1325.pdf,"Table 1; PDF copy hosted by a news site, not stats.gov.sa"
2026-Q2,Saudi,Male,unemployment_rate,4.8,"Argaam, 30 Sep 2026",news report,https://www.argaam.com/en/article/articledetail/id/1940210,
2026-Q2,Saudi,Male,unemployment_rate,4.8,GASTAT Labor Market Statistics Q2 2026,official release,https://ent.news/2026/09/1325.pdf,"Table 1; PDF copy hosted by a news site, not stats.gov.sa"
2026-Q2,Saudi,Total,employment_to_population,45.5,GASTAT Labor Market Statistics Q2 2026,official release,https://ent.news/2026/09/1325.pdf,"Table 1; PDF copy hosted by a news site, not stats.gov.sa"
2026-Q2,Saudi,Total,participation_rate,48.7,GASTAT Labor Market Statistics Q2 2026,official release,https://ent.news/2026/09/1325.pdf,"Table 1; PDF copy hosted by a news site, not stats.gov.sa"
2026-Q2,Saudi,Total,unemployment_rate,6.5,"Argaam, 30 Sep 2026",news report,https://www.argaam.com/en/article/articledetail/id/1940210,
2026-Q2,Saudi,Total,unemployment_rate,6.5,GASTAT Labor Market Statistics Q2 2026,official release,https://ent.news/2026/09/1325.pdf,"Table 1; PDF copy hosted by a news site, not stats.gov.sa"
