month,cpi_group,measure,value,decimals_reported,publisher,published_date,url
2025-12,all_items,index,112.39,2,Qatar Tribune,2026-01-16,https://www.qatar-tribune.com/article/214335/business/qatar-cpi-rises-195-yoy-in-december-2025
2025-12,all_items,mom_pct,1.44,2,Qatar Tribune,2026-01-16,https://www.qatar-tribune.com/article/214335/business/qatar-cpi-rises-195-yoy-in-december-2025
2025-12,all_items,yoy_pct,1.95,2,Qatar Tribune,2026-01-16,https://www.qatar-tribune.com/article/214335/business/qatar-cpi-rises-195-yoy-in-december-2025
2025-12,food_beverages,mom_pct,0.19,2,Qatar Tribune,2026-01-16,https://www.qatar-tribune.com/article/214335/business/qatar-cpi-rises-195-yoy-in-december-2025
2025-12,tobacco,mom_pct,0.00,2,Qatar Tribune,2026-01-16,https://www.qatar-tribune.com/article/214335/business/qatar-cpi-rises-195-yoy-in-december-2025
2025-12,clothing_footwear,mom_pct,0.89,2,Qatar Tribune,2026-01-16,https://www.qatar-tribune.com/article/214335/business/qatar-cpi-rises-195-yoy-in-december-2025
2025-12,housing_utilities,mom_pct,0.15,2,Qatar Tribune,2026-01-16,https://www.qatar-tribune.com/article/214335/business/qatar-cpi-rises-195-yoy-in-december-2025
2025-12,furniture_household,mom_pct,0.00,2,Qatar Tribune,2026-01-16,https://www.qatar-tribune.com/article/214335/business/qatar-cpi-rises-195-yoy-in-december-2025
2025-12,health,mom_pct,0.00,2,Qatar Tribune,2026-01-16,https://www.qatar-tribune.com/article/214335/business/qatar-cpi-rises-195-yoy-in-december-2025
2025-12,transport,mom_pct,0.71,2,Qatar Tribune,2026-01-16,https://www.qatar-tribune.com/article/214335/business/qatar-cpi-rises-195-yoy-in-december-2025
2025-12,communication,mom_pct,0.35,2,Qatar Tribune,2026-01-16,https://www.qatar-tribune.com/article/214335/business/qatar-cpi-rises-195-yoy-in-december-2025
2025-12,recreation_culture,mom_pct,6.84,2,Qatar Tribune,2026-01-16,https://www.qatar-tribune.com/article/214335/business/qatar-cpi-rises-195-yoy-in-december-2025
2025-12,education,mom_pct,-0.02,2,Qatar Tribune,2026-01-16,https://www.qatar-tribune.com/article/214335/business/qatar-cpi-rises-195-yoy-in-december-2025
2025-12,restaurants_hotels,mom_pct,1.71,2,Qatar Tribune,2026-01-16,https://www.qatar-tribune.com/article/214335/business/qatar-cpi-rises-195-yoy-in-december-2025
2025-12,miscellaneous,mom_pct,1.87,2,Qatar Tribune,2026-01-16,https://www.qatar-tribune.com/article/214335/business/qatar-cpi-rises-195-yoy-in-december-2025
2025-12,food_beverages,yoy_pct,0.63,2,Qatar Tribune,2026-01-16,https://www.qatar-tribune.com/article/214335/business/qatar-cpi-rises-195-yoy-in-december-2025
2025-12,tobacco,yoy_pct,0.00,2,Qatar Tribune,2026-01-16,https://www.qatar-tribune.com/article/214335/business/qatar-cpi-rises-195-yoy-in-december-2025
2025-12,clothing_footwear,yoy_pct,3.28,2,Qatar Tribune,2026-01-16,https://www.qatar-tribune.com/article/214335/business/qatar-cpi-rises-195-yoy-in-december-2025
2025-12,housing_utilities,yoy_pct,1.50,2,Qatar Tribune,2026-01-16,https://www.qatar-tribune.com/article/214335/business/qatar-cpi-rises-195-yoy-in-december-2025
2025-12,furniture_household,yoy_pct,1.39,2,Qatar Tribune,2026-01-16,https://www.qatar-tribune.com/article/214335/business/qatar-cpi-rises-195-yoy-in-december-2025
2025-12,health,yoy_pct,-0.75,2,Qatar Tribune,2026-01-16,https://www.qatar-tribune.com/article/214335/business/qatar-cpi-rises-195-yoy-in-december-2025
2025-12,transport,yoy_pct,-0.42,2,Qatar Tribune,2026-01-16,https://www.qatar-tribune.com/article/214335/business/qatar-cpi-rises-195-yoy-in-december-2025
2025-12,communication,yoy_pct,0.17,2,Qatar Tribune,2026-01-16,https://www.qatar-tribune.com/article/214335/business/qatar-cpi-rises-195-yoy-in-december-2025
2025-12,recreation_culture,yoy_pct,1.44,2,Qatar Tribune,2026-01-16,https://www.qatar-tribune.com/article/214335/business/qatar-cpi-rises-195-yoy-in-december-2025
2025-12,education,yoy_pct,2.04,2,Qatar Tribune,2026-01-16,https://www.qatar-tribune.com/article/214335/business/qatar-cpi-rises-195-yoy-in-december-2025
2025-12,restaurants_hotels,yoy_pct,-0.65,2,Qatar Tribune,2026-01-16,https://www.qatar-tribune.com/article/214335/business/qatar-cpi-rises-195-yoy-in-december-2025
2025-12,miscellaneous,yoy_pct,18.68,2,Qatar Tribune,2026-01-16,https://www.qatar-tribune.com/article/214335/business/qatar-cpi-rises-195-yoy-in-december-2025
2025-12,all_items,index,112.39,2,The Peninsula,2026-01-16,https://s.thepeninsula.qa/article/16/01/2026/qatar-cpi-records-nearly-2-rise-in-dec-2025
2025-12,all_items,mom_pct,1.44,2,The Peninsula,2026-01-16,https://s.thepeninsula.qa/article/16/01/2026/qatar-cpi-records-nearly-2-rise-in-dec-2025
2025-12,all_items,yoy_pct,1.95,2,The Peninsula,2026-01-16,https://s.thepeninsula.qa/article/16/01/2026/qatar-cpi-records-nearly-2-rise-in-dec-2025
2025-12,food_beverages,mom_pct,0.19,2,The Peninsula,2026-01-16,https://s.thepeninsula.qa/article/16/01/2026/qatar-cpi-records-nearly-2-rise-in-dec-2025
2025-12,tobacco,mom_pct,0.00,2,The Peninsula,2026-01-16,https://s.thepeninsula.qa/article/16/01/2026/qatar-cpi-records-nearly-2-rise-in-dec-2025
2025-12,clothing_footwear,mom_pct,0.89,2,The Peninsula,2026-01-16,https://s.thepeninsula.qa/article/16/01/2026/qatar-cpi-records-nearly-2-rise-in-dec-2025
2025-12,housing_utilities,mom_pct,0.15,2,The Peninsula,2026-01-16,https://s.thepeninsula.qa/article/16/01/2026/qatar-cpi-records-nearly-2-rise-in-dec-2025
2025-12,furniture_household,mom_pct,0.00,2,The Peninsula,2026-01-16,https://s.thepeninsula.qa/article/16/01/2026/qatar-cpi-records-nearly-2-rise-in-dec-2025
2025-12,health,mom_pct,0.00,2,The Peninsula,2026-01-16,https://s.thepeninsula.qa/article/16/01/2026/qatar-cpi-records-nearly-2-rise-in-dec-2025
2025-12,transport,mom_pct,0.71,2,The Peninsula,2026-01-16,https://s.thepeninsula.qa/article/16/01/2026/qatar-cpi-records-nearly-2-rise-in-dec-2025
2025-12,communication,mom_pct,0.35,2,The Peninsula,2026-01-16,https://s.thepeninsula.qa/article/16/01/2026/qatar-cpi-records-nearly-2-rise-in-dec-2025
2025-12,recreation_culture,mom_pct,6.84,2,The Peninsula,2026-01-16,https://s.thepeninsula.qa/article/16/01/2026/qatar-cpi-records-nearly-2-rise-in-dec-2025
2025-12,education,mom_pct,-0.02,2,The Peninsula,2026-01-16,https://s.thepeninsula.qa/article/16/01/2026/qatar-cpi-records-nearly-2-rise-in-dec-2025
2025-12,restaurants_hotels,mom_pct,1.71,2,The Peninsula,2026-01-16,https://s.thepeninsula.qa/article/16/01/2026/qatar-cpi-records-nearly-2-rise-in-dec-2025
2025-12,miscellaneous,mom_pct,1.87,2,The Peninsula,2026-01-16,https://s.thepeninsula.qa/article/16/01/2026/qatar-cpi-records-nearly-2-rise-in-dec-2025
2025-12,food_beverages,yoy_pct,0.63,2,The Peninsula,2026-01-16,https://s.thepeninsula.qa/article/16/01/2026/qatar-cpi-records-nearly-2-rise-in-dec-2025
2025-12,tobacco,yoy_pct,0.00,2,The Peninsula,2026-01-16,https://s.thepeninsula.qa/article/16/01/2026/qatar-cpi-records-nearly-2-rise-in-dec-2025
2025-12,clothing_footwear,yoy_pct,3.28,2,The Peninsula,2026-01-16,https://s.thepeninsula.qa/article/16/01/2026/qatar-cpi-records-nearly-2-rise-in-dec-2025
2025-12,housing_utilities,yoy_pct,1.50,2,The Peninsula,2026-01-16,https://s.thepeninsula.qa/article/16/01/2026/qatar-cpi-records-nearly-2-rise-in-dec-2025
2025-12,furniture_household,yoy_pct,1.39,2,The Peninsula,2026-01-16,https://s.thepeninsula.qa/article/16/01/2026/qatar-cpi-records-nearly-2-rise-in-dec-2025
2025-12,health,yoy_pct,-0.75,2,The Peninsula,2026-01-16,https://s.thepeninsula.qa/article/16/01/2026/qatar-cpi-records-nearly-2-rise-in-dec-2025
2025-12,transport,yoy_pct,-0.42,2,The Peninsula,2026-01-16,https://s.thepeninsula.qa/article/16/01/2026/qatar-cpi-records-nearly-2-rise-in-dec-2025
2025-12,communication,yoy_pct,0.17,2,The Peninsula,2026-01-16,https://s.thepeninsula.qa/article/16/01/2026/qatar-cpi-records-nearly-2-rise-in-dec-2025
2025-12,recreation_culture,yoy_pct,1.44,2,The Peninsula,2026-01-16,https://s.thepeninsula.qa/article/16/01/2026/qatar-cpi-records-nearly-2-rise-in-dec-2025
2025-12,education,yoy_pct,2.04,2,The Peninsula,2026-01-16,https://s.thepeninsula.qa/article/16/01/2026/qatar-cpi-records-nearly-2-rise-in-dec-2025
2025-12,restaurants_hotels,yoy_pct,-0.65,2,The Peninsula,2026-01-16,https://s.thepeninsula.qa/article/16/01/2026/qatar-cpi-records-nearly-2-rise-in-dec-2025
2025-12,miscellaneous,yoy_pct,18.68,2,The Peninsula,2026-01-16,https://s.thepeninsula.qa/article/16/01/2026/qatar-cpi-records-nearly-2-rise-in-dec-2025
2025-12,all_items_ex_housing,index,117.68,2,The Peninsula,2026-01-16,https://s.thepeninsula.qa/article/16/01/2026/qatar-cpi-records-nearly-2-rise-in-dec-2025
2025-12,all_items_ex_housing,mom_pct,1.71,2,The Peninsula,2026-01-16,https://s.thepeninsula.qa/article/16/01/2026/qatar-cpi-records-nearly-2-rise-in-dec-2025
2025-12,all_items_ex_housing,yoy_pct,2.05,2,The Peninsula,2026-01-16,https://s.thepeninsula.qa/article/16/01/2026/qatar-cpi-records-nearly-2-rise-in-dec-2025
2026-01,all_items,index,109.90,2,Qatar Tribune,2026-02-19,https://www.qatar-tribune.com/article/220274/business/qatar-cpi-rises-228-yoy-in-jan-2026
2026-01,all_items,mom_pct,-2.22,2,Qatar Tribune,2026-02-19,https://www.qatar-tribune.com/article/220274/business/qatar-cpi-rises-228-yoy-in-jan-2026
2026-01,all_items,yoy_pct,2.28,2,Qatar Tribune,2026-02-19,https://www.qatar-tribune.com/article/220274/business/qatar-cpi-rises-228-yoy-in-jan-2026
2026-01,food_beverages,mom_pct,-0.59,2,Qatar Tribune,2026-02-19,https://www.qatar-tribune.com/article/220274/business/qatar-cpi-rises-228-yoy-in-jan-2026
2026-01,tobacco,mom_pct,0.00,2,Qatar Tribune,2026-02-19,https://www.qatar-tribune.com/article/220274/business/qatar-cpi-rises-228-yoy-in-jan-2026
2026-01,clothing_footwear,mom_pct,-1.15,2,Qatar Tribune,2026-02-19,https://www.qatar-tribune.com/article/220274/business/qatar-cpi-rises-228-yoy-in-jan-2026
2026-01,housing_utilities,mom_pct,-0.17,2,Qatar Tribune,2026-02-19,https://www.qatar-tribune.com/article/220274/business/qatar-cpi-rises-228-yoy-in-jan-2026
2026-01,furniture_household,mom_pct,0.20,2,Qatar Tribune,2026-02-19,https://www.qatar-tribune.com/article/220274/business/qatar-cpi-rises-228-yoy-in-jan-2026
2026-01,health,mom_pct,0.27,2,Qatar Tribune,2026-02-19,https://www.qatar-tribune.com/article/220274/business/qatar-cpi-rises-228-yoy-in-jan-2026
2026-01,transport,mom_pct,0.54,2,Qatar Tribune,2026-02-19,https://www.qatar-tribune.com/article/220274/business/qatar-cpi-rises-228-yoy-in-jan-2026
2026-01,communication,mom_pct,0.32,2,Qatar Tribune,2026-02-19,https://www.qatar-tribune.com/article/220274/business/qatar-cpi-rises-228-yoy-in-jan-2026
2026-01,recreation_culture,mom_pct,-11.97,2,Qatar Tribune,2026-02-19,https://www.qatar-tribune.com/article/220274/business/qatar-cpi-rises-228-yoy-in-jan-2026
2026-01,education,mom_pct,0.06,2,Qatar Tribune,2026-02-19,https://www.qatar-tribune.com/article/220274/business/qatar-cpi-rises-228-yoy-in-jan-2026
2026-01,restaurants_hotels,mom_pct,-1.90,2,Qatar Tribune,2026-02-19,https://www.qatar-tribune.com/article/220274/business/qatar-cpi-rises-228-yoy-in-jan-2026
2026-01,miscellaneous,mom_pct,-3.46,2,Qatar Tribune,2026-02-19,https://www.qatar-tribune.com/article/220274/business/qatar-cpi-rises-228-yoy-in-jan-2026
2026-01,food_beverages,yoy_pct,2.87,2,Qatar Tribune,2026-02-19,https://www.qatar-tribune.com/article/220274/business/qatar-cpi-rises-228-yoy-in-jan-2026
2026-01,tobacco,yoy_pct,0.00,2,Qatar Tribune,2026-02-19,https://www.qatar-tribune.com/article/220274/business/qatar-cpi-rises-228-yoy-in-jan-2026
2026-01,clothing_footwear,yoy_pct,3.25,2,Qatar Tribune,2026-02-19,https://www.qatar-tribune.com/article/220274/business/qatar-cpi-rises-228-yoy-in-jan-2026
2026-01,housing_utilities,yoy_pct,1.21,2,Qatar Tribune,2026-02-19,https://www.qatar-tribune.com/article/220274/business/qatar-cpi-rises-228-yoy-in-jan-2026
2026-01,furniture_household,yoy_pct,2.37,2,Qatar Tribune,2026-02-19,https://www.qatar-tribune.com/article/220274/business/qatar-cpi-rises-228-yoy-in-jan-2026
2026-01,health,yoy_pct,-1.38,2,Qatar Tribune,2026-02-19,https://www.qatar-tribune.com/article/220274/business/qatar-cpi-rises-228-yoy-in-jan-2026
2026-01,transport,yoy_pct,-0.48,2,Qatar Tribune,2026-02-19,https://www.qatar-tribune.com/article/220274/business/qatar-cpi-rises-228-yoy-in-jan-2026
2026-01,communication,yoy_pct,0.40,2,Qatar Tribune,2026-02-19,https://www.qatar-tribune.com/article/220274/business/qatar-cpi-rises-228-yoy-in-jan-2026
2026-01,recreation_culture,yoy_pct,4.90,2,Qatar Tribune,2026-02-19,https://www.qatar-tribune.com/article/220274/business/qatar-cpi-rises-228-yoy-in-jan-2026
2026-01,education,yoy_pct,2.08,2,Qatar Tribune,2026-02-19,https://www.qatar-tribune.com/article/220274/business/qatar-cpi-rises-228-yoy-in-jan-2026
2026-01,restaurants_hotels,yoy_pct,-2.00,2,Qatar Tribune,2026-02-19,https://www.qatar-tribune.com/article/220274/business/qatar-cpi-rises-228-yoy-in-jan-2026
2026-01,miscellaneous,yoy_pct,12.40,2,Qatar Tribune,2026-02-19,https://www.qatar-tribune.com/article/220274/business/qatar-cpi-rises-228-yoy-in-jan-2026
2026-01,all_items,index,109.90,2,The Peninsula,2026-02-19,https://thepeninsulaqatar.com/article/19/02/2026/qatar-cpi-rises-228-yoy-in-january
2026-01,all_items,mom_pct,-2.22,2,The Peninsula,2026-02-19,https://thepeninsulaqatar.com/article/19/02/2026/qatar-cpi-rises-228-yoy-in-january
2026-01,all_items,yoy_pct,2.28,2,The Peninsula,2026-02-19,https://thepeninsulaqatar.com/article/19/02/2026/qatar-cpi-rises-228-yoy-in-january
2026-01,food_beverages,mom_pct,-0.59,2,The Peninsula,2026-02-19,https://thepeninsulaqatar.com/article/19/02/2026/qatar-cpi-rises-228-yoy-in-january
2026-01,tobacco,mom_pct,0.00,2,The Peninsula,2026-02-19,https://thepeninsulaqatar.com/article/19/02/2026/qatar-cpi-rises-228-yoy-in-january
2026-01,clothing_footwear,mom_pct,-1.15,2,The Peninsula,2026-02-19,https://thepeninsulaqatar.com/article/19/02/2026/qatar-cpi-rises-228-yoy-in-january
2026-01,housing_utilities,mom_pct,-0.17,2,The Peninsula,2026-02-19,https://thepeninsulaqatar.com/article/19/02/2026/qatar-cpi-rises-228-yoy-in-january
2026-01,furniture_household,mom_pct,0.20,2,The Peninsula,2026-02-19,https://thepeninsulaqatar.com/article/19/02/2026/qatar-cpi-rises-228-yoy-in-january
2026-01,health,mom_pct,0.27,2,The Peninsula,2026-02-19,https://thepeninsulaqatar.com/article/19/02/2026/qatar-cpi-rises-228-yoy-in-january
2026-01,transport,mom_pct,0.54,2,The Peninsula,2026-02-19,https://thepeninsulaqatar.com/article/19/02/2026/qatar-cpi-rises-228-yoy-in-january
2026-01,communication,mom_pct,0.32,2,The Peninsula,2026-02-19,https://thepeninsulaqatar.com/article/19/02/2026/qatar-cpi-rises-228-yoy-in-january
2026-01,recreation_culture,mom_pct,-11.97,2,The Peninsula,2026-02-19,https://thepeninsulaqatar.com/article/19/02/2026/qatar-cpi-rises-228-yoy-in-january
2026-01,education,mom_pct,0.06,2,The Peninsula,2026-02-19,https://thepeninsulaqatar.com/article/19/02/2026/qatar-cpi-rises-228-yoy-in-january
2026-01,restaurants_hotels,mom_pct,-1.90,2,The Peninsula,2026-02-19,https://thepeninsulaqatar.com/article/19/02/2026/qatar-cpi-rises-228-yoy-in-january
2026-01,miscellaneous,mom_pct,-3.46,2,The Peninsula,2026-02-19,https://thepeninsulaqatar.com/article/19/02/2026/qatar-cpi-rises-228-yoy-in-january
2026-01,food_beverages,yoy_pct,2.87,2,The Peninsula,2026-02-19,https://thepeninsulaqatar.com/article/19/02/2026/qatar-cpi-rises-228-yoy-in-january
2026-01,tobacco,yoy_pct,0.00,2,The Peninsula,2026-02-19,https://thepeninsulaqatar.com/article/19/02/2026/qatar-cpi-rises-228-yoy-in-january
2026-01,clothing_footwear,yoy_pct,3.25,2,The Peninsula,2026-02-19,https://thepeninsulaqatar.com/article/19/02/2026/qatar-cpi-rises-228-yoy-in-january
2026-01,housing_utilities,yoy_pct,1.21,2,The Peninsula,2026-02-19,https://thepeninsulaqatar.com/article/19/02/2026/qatar-cpi-rises-228-yoy-in-january
2026-01,furniture_household,yoy_pct,2.37,2,The Peninsula,2026-02-19,https://thepeninsulaqatar.com/article/19/02/2026/qatar-cpi-rises-228-yoy-in-january
2026-01,health,yoy_pct,-1.38,2,The Peninsula,2026-02-19,https://thepeninsulaqatar.com/article/19/02/2026/qatar-cpi-rises-228-yoy-in-january
2026-01,transport,yoy_pct,-0.48,2,The Peninsula,2026-02-19,https://thepeninsulaqatar.com/article/19/02/2026/qatar-cpi-rises-228-yoy-in-january
2026-01,communication,yoy_pct,0.40,2,The Peninsula,2026-02-19,https://thepeninsulaqatar.com/article/19/02/2026/qatar-cpi-rises-228-yoy-in-january
2026-01,recreation_culture,yoy_pct,4.90,2,The Peninsula,2026-02-19,https://thepeninsulaqatar.com/article/19/02/2026/qatar-cpi-rises-228-yoy-in-january
2026-01,education,yoy_pct,2.08,2,The Peninsula,2026-02-19,https://thepeninsulaqatar.com/article/19/02/2026/qatar-cpi-rises-228-yoy-in-january
2026-01,restaurants_hotels,yoy_pct,-2.00,2,The Peninsula,2026-02-19,https://thepeninsulaqatar.com/article/19/02/2026/qatar-cpi-rises-228-yoy-in-january
2026-01,miscellaneous,yoy_pct,12.40,2,The Peninsula,2026-02-19,https://thepeninsulaqatar.com/article/19/02/2026/qatar-cpi-rises-228-yoy-in-january
2026-01,all_items_ex_housing,index,114.57,2,Qatar Tribune,2026-02-19,https://www.qatar-tribune.com/article/220274/business/qatar-cpi-rises-228-yoy-in-jan-2026
2026-01,all_items_ex_housing,mom_pct,-2.65,2,Qatar Tribune,2026-02-19,https://www.qatar-tribune.com/article/220274/business/qatar-cpi-rises-228-yoy-in-jan-2026
2026-01,all_items_ex_housing,yoy_pct,2.51,2,Qatar Tribune,2026-02-19,https://www.qatar-tribune.com/article/220274/business/qatar-cpi-rises-228-yoy-in-jan-2026
2026-01,all_items_ex_housing,index,114.57,2,The Peninsula,2026-02-19,https://thepeninsulaqatar.com/article/19/02/2026/qatar-cpi-rises-228-yoy-in-january
2026-01,all_items_ex_housing,mom_pct,-2.65,2,The Peninsula,2026-02-19,https://thepeninsulaqatar.com/article/19/02/2026/qatar-cpi-rises-228-yoy-in-january
2026-01,all_items_ex_housing,yoy_pct,2.51,2,The Peninsula,2026-02-19,https://thepeninsulaqatar.com/article/19/02/2026/qatar-cpi-rises-228-yoy-in-january
2026-02,all_items,index,110.60,2,Qatar Tribune,2026-03-18,https://www.qatar-tribune.com/article/224689/business/qatar-cpi-rises-251-y-o-y-in-february-2026
2026-02,all_items,mom_pct,0.64,2,Qatar Tribune,2026-03-18,https://www.qatar-tribune.com/article/224689/business/qatar-cpi-rises-251-y-o-y-in-february-2026
2026-02,all_items,yoy_pct,2.51,2,Qatar Tribune,2026-03-18,https://www.qatar-tribune.com/article/224689/business/qatar-cpi-rises-251-y-o-y-in-february-2026
2026-02,food_beverages,mom_pct,0.16,2,Qatar Tribune,2026-03-18,https://www.qatar-tribune.com/article/224689/business/qatar-cpi-rises-251-y-o-y-in-february-2026
2026-02,tobacco,mom_pct,0.00,2,Qatar Tribune,2026-03-18,https://www.qatar-tribune.com/article/224689/business/qatar-cpi-rises-251-y-o-y-in-february-2026
2026-02,clothing_footwear,mom_pct,2.39,2,Qatar Tribune,2026-03-18,https://www.qatar-tribune.com/article/224689/business/qatar-cpi-rises-251-y-o-y-in-february-2026
2026-02,housing_utilities,mom_pct,0.32,2,Qatar Tribune,2026-03-18,https://www.qatar-tribune.com/article/224689/business/qatar-cpi-rises-251-y-o-y-in-february-2026
2026-02,furniture_household,mom_pct,0.00,2,Qatar Tribune,2026-03-18,https://www.qatar-tribune.com/article/224689/business/qatar-cpi-rises-251-y-o-y-in-february-2026
2026-02,health,mom_pct,0.00,2,Qatar Tribune,2026-03-18,https://www.qatar-tribune.com/article/224689/business/qatar-cpi-rises-251-y-o-y-in-february-2026
2026-02,transport,mom_pct,-0.77,2,Qatar Tribune,2026-03-18,https://www.qatar-tribune.com/article/224689/business/qatar-cpi-rises-251-y-o-y-in-february-2026
2026-02,communication,mom_pct,-0.08,2,Qatar Tribune,2026-03-18,https://www.qatar-tribune.com/article/224689/business/qatar-cpi-rises-251-y-o-y-in-february-2026
2026-02,recreation_culture,mom_pct,-0.61,2,Qatar Tribune,2026-03-18,https://www.qatar-tribune.com/article/224689/business/qatar-cpi-rises-251-y-o-y-in-february-2026
2026-02,education,mom_pct,0.00,2,Qatar Tribune,2026-03-18,https://www.qatar-tribune.com/article/224689/business/qatar-cpi-rises-251-y-o-y-in-february-2026
2026-02,restaurants_hotels,mom_pct,-0.26,2,Qatar Tribune,2026-03-18,https://www.qatar-tribune.com/article/224689/business/qatar-cpi-rises-251-y-o-y-in-february-2026
2026-02,miscellaneous,mom_pct,9.67,2,Qatar Tribune,2026-03-18,https://www.qatar-tribune.com/article/224689/business/qatar-cpi-rises-251-y-o-y-in-february-2026
2026-02,food_beverages,yoy_pct,2.05,2,Qatar Tribune,2026-03-18,https://www.qatar-tribune.com/article/224689/business/qatar-cpi-rises-251-y-o-y-in-february-2026
2026-02,tobacco,yoy_pct,0.00,2,Qatar Tribune,2026-03-18,https://www.qatar-tribune.com/article/224689/business/qatar-cpi-rises-251-y-o-y-in-february-2026
2026-02,clothing_footwear,yoy_pct,4.16,2,Qatar Tribune,2026-03-18,https://www.qatar-tribune.com/article/224689/business/qatar-cpi-rises-251-y-o-y-in-february-2026
2026-02,housing_utilities,yoy_pct,0.72,2,Qatar Tribune,2026-03-18,https://www.qatar-tribune.com/article/224689/business/qatar-cpi-rises-251-y-o-y-in-february-2026
2026-02,furniture_household,yoy_pct,2.45,2,Qatar Tribune,2026-03-18,https://www.qatar-tribune.com/article/224689/business/qatar-cpi-rises-251-y-o-y-in-february-2026
2026-02,health,yoy_pct,-1.38,2,Qatar Tribune,2026-03-18,https://www.qatar-tribune.com/article/224689/business/qatar-cpi-rises-251-y-o-y-in-february-2026
2026-02,transport,yoy_pct,-1.70,2,Qatar Tribune,2026-03-18,https://www.qatar-tribune.com/article/224689/business/qatar-cpi-rises-251-y-o-y-in-february-2026
2026-02,communication,yoy_pct,0.66,2,Qatar Tribune,2026-03-18,https://www.qatar-tribune.com/article/224689/business/qatar-cpi-rises-251-y-o-y-in-february-2026
2026-02,recreation_culture,yoy_pct,4.92,2,Qatar Tribune,2026-03-18,https://www.qatar-tribune.com/article/224689/business/qatar-cpi-rises-251-y-o-y-in-february-2026
2026-02,education,yoy_pct,2.04,2,Qatar Tribune,2026-03-18,https://www.qatar-tribune.com/article/224689/business/qatar-cpi-rises-251-y-o-y-in-february-2026
2026-02,restaurants_hotels,yoy_pct,-2.00,2,Qatar Tribune,2026-03-18,https://www.qatar-tribune.com/article/224689/business/qatar-cpi-rises-251-y-o-y-in-february-2026
2026-02,miscellaneous,yoy_pct,21.16,2,Qatar Tribune,2026-03-18,https://www.qatar-tribune.com/article/224689/business/qatar-cpi-rises-251-y-o-y-in-february-2026
2026-02,all_items,index,110.60,2,The Peninsula,2026-03-18,https://thepeninsulaqatar.com/article/18/03/2026/qatar-cpi-rises-251-y-o-y-in-febuary-2026
2026-02,all_items,mom_pct,0.64,2,The Peninsula,2026-03-18,https://thepeninsulaqatar.com/article/18/03/2026/qatar-cpi-rises-251-y-o-y-in-febuary-2026
2026-02,all_items,yoy_pct,2.51,2,The Peninsula,2026-03-18,https://thepeninsulaqatar.com/article/18/03/2026/qatar-cpi-rises-251-y-o-y-in-febuary-2026
2026-02,food_beverages,mom_pct,0.16,2,The Peninsula,2026-03-18,https://thepeninsulaqatar.com/article/18/03/2026/qatar-cpi-rises-251-y-o-y-in-febuary-2026
2026-02,tobacco,mom_pct,0.00,2,The Peninsula,2026-03-18,https://thepeninsulaqatar.com/article/18/03/2026/qatar-cpi-rises-251-y-o-y-in-febuary-2026
2026-02,clothing_footwear,mom_pct,2.39,2,The Peninsula,2026-03-18,https://thepeninsulaqatar.com/article/18/03/2026/qatar-cpi-rises-251-y-o-y-in-febuary-2026
2026-02,housing_utilities,mom_pct,0.32,2,The Peninsula,2026-03-18,https://thepeninsulaqatar.com/article/18/03/2026/qatar-cpi-rises-251-y-o-y-in-febuary-2026
2026-02,furniture_household,mom_pct,0.00,2,The Peninsula,2026-03-18,https://thepeninsulaqatar.com/article/18/03/2026/qatar-cpi-rises-251-y-o-y-in-febuary-2026
2026-02,health,mom_pct,0.00,2,The Peninsula,2026-03-18,https://thepeninsulaqatar.com/article/18/03/2026/qatar-cpi-rises-251-y-o-y-in-febuary-2026
2026-02,transport,mom_pct,-0.77,2,The Peninsula,2026-03-18,https://thepeninsulaqatar.com/article/18/03/2026/qatar-cpi-rises-251-y-o-y-in-febuary-2026
2026-02,communication,mom_pct,-0.08,2,The Peninsula,2026-03-18,https://thepeninsulaqatar.com/article/18/03/2026/qatar-cpi-rises-251-y-o-y-in-febuary-2026
2026-02,recreation_culture,mom_pct,-0.61,2,The Peninsula,2026-03-18,https://thepeninsulaqatar.com/article/18/03/2026/qatar-cpi-rises-251-y-o-y-in-febuary-2026
2026-02,education,mom_pct,0.00,2,The Peninsula,2026-03-18,https://thepeninsulaqatar.com/article/18/03/2026/qatar-cpi-rises-251-y-o-y-in-febuary-2026
2026-02,restaurants_hotels,mom_pct,-0.26,2,The Peninsula,2026-03-18,https://thepeninsulaqatar.com/article/18/03/2026/qatar-cpi-rises-251-y-o-y-in-febuary-2026
2026-02,miscellaneous,mom_pct,9.67,2,The Peninsula,2026-03-18,https://thepeninsulaqatar.com/article/18/03/2026/qatar-cpi-rises-251-y-o-y-in-febuary-2026
2026-02,food_beverages,yoy_pct,2.05,2,The Peninsula,2026-03-18,https://thepeninsulaqatar.com/article/18/03/2026/qatar-cpi-rises-251-y-o-y-in-febuary-2026
2026-02,tobacco,yoy_pct,0.00,2,The Peninsula,2026-03-18,https://thepeninsulaqatar.com/article/18/03/2026/qatar-cpi-rises-251-y-o-y-in-febuary-2026
2026-02,clothing_footwear,yoy_pct,4.16,2,The Peninsula,2026-03-18,https://thepeninsulaqatar.com/article/18/03/2026/qatar-cpi-rises-251-y-o-y-in-febuary-2026
2026-02,housing_utilities,yoy_pct,0.72,2,The Peninsula,2026-03-18,https://thepeninsulaqatar.com/article/18/03/2026/qatar-cpi-rises-251-y-o-y-in-febuary-2026
2026-02,furniture_household,yoy_pct,2.45,2,The Peninsula,2026-03-18,https://thepeninsulaqatar.com/article/18/03/2026/qatar-cpi-rises-251-y-o-y-in-febuary-2026
2026-02,health,yoy_pct,-1.38,2,The Peninsula,2026-03-18,https://thepeninsulaqatar.com/article/18/03/2026/qatar-cpi-rises-251-y-o-y-in-febuary-2026
2026-02,transport,yoy_pct,-1.70,2,The Peninsula,2026-03-18,https://thepeninsulaqatar.com/article/18/03/2026/qatar-cpi-rises-251-y-o-y-in-febuary-2026
2026-02,communication,yoy_pct,0.66,2,The Peninsula,2026-03-18,https://thepeninsulaqatar.com/article/18/03/2026/qatar-cpi-rises-251-y-o-y-in-febuary-2026
2026-02,recreation_culture,yoy_pct,4.92,2,The Peninsula,2026-03-18,https://thepeninsulaqatar.com/article/18/03/2026/qatar-cpi-rises-251-y-o-y-in-febuary-2026
2026-02,education,yoy_pct,2.04,2,The Peninsula,2026-03-18,https://thepeninsulaqatar.com/article/18/03/2026/qatar-cpi-rises-251-y-o-y-in-febuary-2026
2026-02,restaurants_hotels,yoy_pct,-2.00,2,The Peninsula,2026-03-18,https://thepeninsulaqatar.com/article/18/03/2026/qatar-cpi-rises-251-y-o-y-in-febuary-2026
2026-02,miscellaneous,yoy_pct,21.16,2,The Peninsula,2026-03-18,https://thepeninsulaqatar.com/article/18/03/2026/qatar-cpi-rises-251-y-o-y-in-febuary-2026
2026-02,all_items_ex_housing,index,115.38,2,Qatar Tribune,2026-03-18,https://www.qatar-tribune.com/article/224689/business/qatar-cpi-rises-251-y-o-y-in-february-2026
2026-02,all_items_ex_housing,mom_pct,0.71,2,Qatar Tribune,2026-03-18,https://www.qatar-tribune.com/article/224689/business/qatar-cpi-rises-251-y-o-y-in-february-2026
2026-02,all_items_ex_housing,yoy_pct,2.91,2,Qatar Tribune,2026-03-18,https://www.qatar-tribune.com/article/224689/business/qatar-cpi-rises-251-y-o-y-in-february-2026
2026-02,all_items_ex_housing,index,115.38,2,The Peninsula,2026-03-18,https://thepeninsulaqatar.com/article/18/03/2026/qatar-cpi-rises-251-y-o-y-in-febuary-2026
2026-02,all_items_ex_housing,mom_pct,0.71,2,The Peninsula,2026-03-18,https://thepeninsulaqatar.com/article/18/03/2026/qatar-cpi-rises-251-y-o-y-in-febuary-2026
2026-02,all_items_ex_housing,yoy_pct,2.91,2,The Peninsula,2026-03-18,https://thepeninsulaqatar.com/article/18/03/2026/qatar-cpi-rises-251-y-o-y-in-febuary-2026
2026-03,all_items,index,111.44,2,Arab News,2026-04-29,https://www.arabnews.com/node/2641714/amp
2026-03,all_items,mom_pct,0.76,2,Arab News,2026-04-29,https://www.arabnews.com/node/2641714/amp
2026-03,food_beverages,mom_pct,6.90,2,Arab News,2026-04-29,https://www.arabnews.com/node/2641714/amp
2026-03,tobacco,mom_pct,0.00,2,Arab News,2026-04-29,https://www.arabnews.com/node/2641714/amp
2026-03,clothing_footwear,mom_pct,0.48,2,Arab News,2026-04-29,https://www.arabnews.com/node/2641714/amp
2026-03,housing_utilities,mom_pct,-0.11,2,Arab News,2026-04-29,https://www.arabnews.com/node/2641714/amp
2026-03,furniture_household,mom_pct,0.00,2,Arab News,2026-04-29,https://www.arabnews.com/node/2641714/amp
2026-03,health,mom_pct,0.00,2,Arab News,2026-04-29,https://www.arabnews.com/node/2641714/amp
2026-03,transport,mom_pct,1.63,2,Arab News,2026-04-29,https://www.arabnews.com/node/2641714/amp
2026-03,communication,mom_pct,0.00,2,Arab News,2026-04-29,https://www.arabnews.com/node/2641714/amp
2026-03,recreation_culture,mom_pct,-1.82,2,Arab News,2026-04-29,https://www.arabnews.com/node/2641714/amp
2026-03,education,mom_pct,0.00,2,Arab News,2026-04-29,https://www.arabnews.com/node/2641714/amp
2026-03,restaurants_hotels,mom_pct,-0.07,2,Arab News,2026-04-29,https://www.arabnews.com/node/2641714/amp
2026-03,miscellaneous,mom_pct,-2.17,2,Arab News,2026-04-29,https://www.arabnews.com/node/2641714/amp
2026-03,all_items_ex_housing,index,116.46,2,Arab News,2026-04-29,https://www.arabnews.com/node/2641714/amp
2026-03,all_items_ex_housing,mom_pct,0.94,2,Arab News,2026-04-29,https://www.arabnews.com/node/2641714/amp
2026-04,all_items,index,110.61,2,Qatar News Agency,2026-05-18,https://qna.org.qa/en/News-Area/News/2026-5/18/qatar-cpi-declines-by-074-in-april-2026-1
2026-04,all_items,mom_pct,-0.74,2,Qatar News Agency,2026-05-18,https://qna.org.qa/en/News-Area/News/2026-5/18/qatar-cpi-declines-by-074-in-april-2026-1
2026-04,all_items,yoy_pct,2.62,2,Qatar News Agency,2026-05-18,https://qna.org.qa/en/News-Area/News/2026-5/18/qatar-cpi-declines-by-074-in-april-2026-1
2026-04,food_beverages,mom_pct,1.48,2,Qatar News Agency,2026-05-18,https://qna.org.qa/en/News-Area/News/2026-5/18/qatar-cpi-declines-by-074-in-april-2026-1
2026-04,tobacco,mom_pct,0.00,2,Qatar News Agency,2026-05-18,https://qna.org.qa/en/News-Area/News/2026-5/18/qatar-cpi-declines-by-074-in-april-2026-1
2026-04,clothing_footwear,mom_pct,-0.61,2,Qatar News Agency,2026-05-18,https://qna.org.qa/en/News-Area/News/2026-5/18/qatar-cpi-declines-by-074-in-april-2026-1
2026-04,housing_utilities,mom_pct,0.13,2,Qatar News Agency,2026-05-18,https://qna.org.qa/en/News-Area/News/2026-5/18/qatar-cpi-declines-by-074-in-april-2026-1
2026-04,furniture_household,mom_pct,0.12,2,Qatar News Agency,2026-05-18,https://qna.org.qa/en/News-Area/News/2026-5/18/qatar-cpi-declines-by-074-in-april-2026-1
2026-04,health,mom_pct,-0.10,2,Qatar News Agency,2026-05-18,https://qna.org.qa/en/News-Area/News/2026-5/18/qatar-cpi-declines-by-074-in-april-2026-1
2026-04,transport,mom_pct,-0.88,2,Qatar News Agency,2026-05-18,https://qna.org.qa/en/News-Area/News/2026-5/18/qatar-cpi-declines-by-074-in-april-2026-1
2026-04,communication,mom_pct,0.00,2,Qatar News Agency,2026-05-18,https://qna.org.qa/en/News-Area/News/2026-5/18/qatar-cpi-declines-by-074-in-april-2026-1
2026-04,recreation_culture,mom_pct,-6.19,2,Qatar News Agency,2026-05-18,https://qna.org.qa/en/News-Area/News/2026-5/18/qatar-cpi-declines-by-074-in-april-2026-1
2026-04,education,mom_pct,0.00,2,Qatar News Agency,2026-05-18,https://qna.org.qa/en/News-Area/News/2026-5/18/qatar-cpi-declines-by-074-in-april-2026-1
2026-04,restaurants_hotels,mom_pct,0.07,2,Qatar News Agency,2026-05-18,https://qna.org.qa/en/News-Area/News/2026-5/18/qatar-cpi-declines-by-074-in-april-2026-1
2026-04,miscellaneous,mom_pct,-0.18,2,Qatar News Agency,2026-05-18,https://qna.org.qa/en/News-Area/News/2026-5/18/qatar-cpi-declines-by-074-in-april-2026-1
2026-04,food_beverages,yoy_pct,10.41,2,Qatar News Agency,2026-05-18,https://qna.org.qa/en/News-Area/News/2026-5/18/qatar-cpi-declines-by-074-in-april-2026-1
2026-04,tobacco,yoy_pct,0.00,2,Qatar News Agency,2026-05-18,https://qna.org.qa/en/News-Area/News/2026-5/18/qatar-cpi-declines-by-074-in-april-2026-1
2026-04,clothing_footwear,yoy_pct,4.71,2,Qatar News Agency,2026-05-18,https://qna.org.qa/en/News-Area/News/2026-5/18/qatar-cpi-declines-by-074-in-april-2026-1
2026-04,housing_utilities,yoy_pct,1.62,2,Qatar News Agency,2026-05-18,https://qna.org.qa/en/News-Area/News/2026-5/18/qatar-cpi-declines-by-074-in-april-2026-1
2026-04,furniture_household,yoy_pct,0.81,2,Qatar News Agency,2026-05-18,https://qna.org.qa/en/News-Area/News/2026-5/18/qatar-cpi-declines-by-074-in-april-2026-1
2026-04,health,yoy_pct,-0.09,2,Qatar News Agency,2026-05-18,https://qna.org.qa/en/News-Area/News/2026-5/18/qatar-cpi-declines-by-074-in-april-2026-1
2026-04,transport,yoy_pct,-0.55,2,Qatar News Agency,2026-05-18,https://qna.org.qa/en/News-Area/News/2026-5/18/qatar-cpi-declines-by-074-in-april-2026-1
2026-04,communication,yoy_pct,0.75,2,Qatar News Agency,2026-05-18,https://qna.org.qa/en/News-Area/News/2026-5/18/qatar-cpi-declines-by-074-in-april-2026-1
2026-04,recreation_culture,yoy_pct,-3.18,2,Qatar News Agency,2026-05-18,https://qna.org.qa/en/News-Area/News/2026-5/18/qatar-cpi-declines-by-074-in-april-2026-1
2026-04,education,yoy_pct,2.09,2,Qatar News Agency,2026-05-18,https://qna.org.qa/en/News-Area/News/2026-5/18/qatar-cpi-declines-by-074-in-april-2026-1
2026-04,restaurants_hotels,yoy_pct,0.90,2,Qatar News Agency,2026-05-18,https://qna.org.qa/en/News-Area/News/2026-5/18/qatar-cpi-declines-by-074-in-april-2026-1
2026-04,miscellaneous,yoy_pct,13.82,2,Qatar News Agency,2026-05-18,https://qna.org.qa/en/News-Area/News/2026-5/18/qatar-cpi-declines-by-074-in-april-2026-1
2026-04,all_items,index,110.61,2,Qatar Tribune,2026-05-19,https://www.qatar-tribune.com/article/234970/business/qatar-cpi-eases-by-074-in-april-2026
2026-04,all_items,mom_pct,-0.74,2,Qatar Tribune,2026-05-19,https://www.qatar-tribune.com/article/234970/business/qatar-cpi-eases-by-074-in-april-2026
2026-04,all_items,yoy_pct,2.62,2,Qatar Tribune,2026-05-19,https://www.qatar-tribune.com/article/234970/business/qatar-cpi-eases-by-074-in-april-2026
2026-04,food_beverages,mom_pct,1.48,2,Qatar Tribune,2026-05-19,https://www.qatar-tribune.com/article/234970/business/qatar-cpi-eases-by-074-in-april-2026
2026-04,tobacco,mom_pct,0.00,2,Qatar Tribune,2026-05-19,https://www.qatar-tribune.com/article/234970/business/qatar-cpi-eases-by-074-in-april-2026
2026-04,clothing_footwear,mom_pct,-0.61,2,Qatar Tribune,2026-05-19,https://www.qatar-tribune.com/article/234970/business/qatar-cpi-eases-by-074-in-april-2026
2026-04,housing_utilities,mom_pct,0.13,2,Qatar Tribune,2026-05-19,https://www.qatar-tribune.com/article/234970/business/qatar-cpi-eases-by-074-in-april-2026
2026-04,furniture_household,mom_pct,0.12,2,Qatar Tribune,2026-05-19,https://www.qatar-tribune.com/article/234970/business/qatar-cpi-eases-by-074-in-april-2026
2026-04,health,mom_pct,-0.10,2,Qatar Tribune,2026-05-19,https://www.qatar-tribune.com/article/234970/business/qatar-cpi-eases-by-074-in-april-2026
2026-04,transport,mom_pct,-0.88,2,Qatar Tribune,2026-05-19,https://www.qatar-tribune.com/article/234970/business/qatar-cpi-eases-by-074-in-april-2026
2026-04,communication,mom_pct,0.00,2,Qatar Tribune,2026-05-19,https://www.qatar-tribune.com/article/234970/business/qatar-cpi-eases-by-074-in-april-2026
2026-04,recreation_culture,mom_pct,-6.19,2,Qatar Tribune,2026-05-19,https://www.qatar-tribune.com/article/234970/business/qatar-cpi-eases-by-074-in-april-2026
2026-04,education,mom_pct,0.00,2,Qatar Tribune,2026-05-19,https://www.qatar-tribune.com/article/234970/business/qatar-cpi-eases-by-074-in-april-2026
2026-04,restaurants_hotels,mom_pct,0.07,2,Qatar Tribune,2026-05-19,https://www.qatar-tribune.com/article/234970/business/qatar-cpi-eases-by-074-in-april-2026
2026-04,miscellaneous,mom_pct,-0.18,2,Qatar Tribune,2026-05-19,https://www.qatar-tribune.com/article/234970/business/qatar-cpi-eases-by-074-in-april-2026
2026-04,food_beverages,yoy_pct,10.41,2,Qatar Tribune,2026-05-19,https://www.qatar-tribune.com/article/234970/business/qatar-cpi-eases-by-074-in-april-2026
2026-04,tobacco,yoy_pct,0.00,2,Qatar Tribune,2026-05-19,https://www.qatar-tribune.com/article/234970/business/qatar-cpi-eases-by-074-in-april-2026
2026-04,clothing_footwear,yoy_pct,4.71,2,Qatar Tribune,2026-05-19,https://www.qatar-tribune.com/article/234970/business/qatar-cpi-eases-by-074-in-april-2026
2026-04,housing_utilities,yoy_pct,1.62,2,Qatar Tribune,2026-05-19,https://www.qatar-tribune.com/article/234970/business/qatar-cpi-eases-by-074-in-april-2026
2026-04,furniture_household,yoy_pct,0.81,2,Qatar Tribune,2026-05-19,https://www.qatar-tribune.com/article/234970/business/qatar-cpi-eases-by-074-in-april-2026
2026-04,health,yoy_pct,-0.09,2,Qatar Tribune,2026-05-19,https://www.qatar-tribune.com/article/234970/business/qatar-cpi-eases-by-074-in-april-2026
2026-04,transport,yoy_pct,-0.55,2,Qatar Tribune,2026-05-19,https://www.qatar-tribune.com/article/234970/business/qatar-cpi-eases-by-074-in-april-2026
2026-04,communication,yoy_pct,0.75,2,Qatar Tribune,2026-05-19,https://www.qatar-tribune.com/article/234970/business/qatar-cpi-eases-by-074-in-april-2026
2026-04,recreation_culture,yoy_pct,-3.18,2,Qatar Tribune,2026-05-19,https://www.qatar-tribune.com/article/234970/business/qatar-cpi-eases-by-074-in-april-2026
2026-04,education,yoy_pct,2.09,2,Qatar Tribune,2026-05-19,https://www.qatar-tribune.com/article/234970/business/qatar-cpi-eases-by-074-in-april-2026
2026-04,restaurants_hotels,yoy_pct,0.90,2,Qatar Tribune,2026-05-19,https://www.qatar-tribune.com/article/234970/business/qatar-cpi-eases-by-074-in-april-2026
2026-04,miscellaneous,yoy_pct,13.82,2,Qatar Tribune,2026-05-19,https://www.qatar-tribune.com/article/234970/business/qatar-cpi-eases-by-074-in-april-2026
2026-04,all_items_ex_housing,index,115.39,2,Qatar News Agency,2026-05-18,https://qna.org.qa/en/News-Area/News/2026-5/18/qatar-cpi-declines-by-074-in-april-2026-1
2026-04,all_items_ex_housing,mom_pct,-0.92,2,Qatar News Agency,2026-05-18,https://qna.org.qa/en/News-Area/News/2026-5/18/qatar-cpi-declines-by-074-in-april-2026-1
2026-04,all_items_ex_housing,yoy_pct,2.84,2,Qatar News Agency,2026-05-18,https://qna.org.qa/en/News-Area/News/2026-5/18/qatar-cpi-declines-by-074-in-april-2026-1
2026-04,all_items_ex_housing,index,115.39,2,Qatar Tribune,2026-05-19,https://www.qatar-tribune.com/article/234970/business/qatar-cpi-eases-by-074-in-april-2026
2026-04,all_items_ex_housing,mom_pct,-0.92,2,Qatar Tribune,2026-05-19,https://www.qatar-tribune.com/article/234970/business/qatar-cpi-eases-by-074-in-april-2026
2026-04,all_items_ex_housing,yoy_pct,2.84,2,Qatar Tribune,2026-05-19,https://www.qatar-tribune.com/article/234970/business/qatar-cpi-eases-by-074-in-april-2026
2026-04,all_items,yoy_pct,2.62,2,Arab News,2026-05-18,https://www.arabnews.com/node/2644020/amp
2026-04,food_beverages,yoy_pct,10.41,2,Arab News,2026-05-18,https://www.arabnews.com/node/2644020/amp
2026-04,food_beverages,mom_pct,1.48,2,Arab News,2026-05-18,https://www.arabnews.com/node/2644020/amp
2026-05,all_items,index,110.05,2,Qatar Tribune,2026-06-19,https://www.qatar-tribune.com/article/240104/business/qatars-cpi-edges-down-051-in-may-on-lower-transport-costs
2026-05,all_items,mom_pct,-0.51,2,Qatar Tribune,2026-06-19,https://www.qatar-tribune.com/article/240104/business/qatars-cpi-edges-down-051-in-may-on-lower-transport-costs
2026-05,food_beverages,mom_pct,1.84,2,Qatar Tribune,2026-06-19,https://www.qatar-tribune.com/article/240104/business/qatars-cpi-edges-down-051-in-may-on-lower-transport-costs
2026-05,tobacco,mom_pct,0.00,2,Qatar Tribune,2026-06-19,https://www.qatar-tribune.com/article/240104/business/qatars-cpi-edges-down-051-in-may-on-lower-transport-costs
2026-05,clothing_footwear,mom_pct,0.39,2,Qatar Tribune,2026-06-19,https://www.qatar-tribune.com/article/240104/business/qatars-cpi-edges-down-051-in-may-on-lower-transport-costs
2026-05,housing_utilities,mom_pct,0.32,2,Qatar Tribune,2026-06-19,https://www.qatar-tribune.com/article/240104/business/qatars-cpi-edges-down-051-in-may-on-lower-transport-costs
2026-05,furniture_household,mom_pct,-0.07,2,Qatar Tribune,2026-06-19,https://www.qatar-tribune.com/article/240104/business/qatars-cpi-edges-down-051-in-may-on-lower-transport-costs
2026-05,health,mom_pct,0.00,2,Qatar Tribune,2026-06-19,https://www.qatar-tribune.com/article/240104/business/qatars-cpi-edges-down-051-in-may-on-lower-transport-costs
2026-05,transport,mom_pct,-3.85,2,Qatar Tribune,2026-06-19,https://www.qatar-tribune.com/article/240104/business/qatars-cpi-edges-down-051-in-may-on-lower-transport-costs
2026-05,communication,mom_pct,0.00,2,Qatar Tribune,2026-06-19,https://www.qatar-tribune.com/article/240104/business/qatars-cpi-edges-down-051-in-may-on-lower-transport-costs
2026-05,recreation_culture,mom_pct,-1.32,2,Qatar Tribune,2026-06-19,https://www.qatar-tribune.com/article/240104/business/qatars-cpi-edges-down-051-in-may-on-lower-transport-costs
2026-05,education,mom_pct,0.01,2,Qatar Tribune,2026-06-19,https://www.qatar-tribune.com/article/240104/business/qatars-cpi-edges-down-051-in-may-on-lower-transport-costs
2026-05,restaurants_hotels,mom_pct,-0.92,2,Qatar Tribune,2026-06-19,https://www.qatar-tribune.com/article/240104/business/qatars-cpi-edges-down-051-in-may-on-lower-transport-costs
2026-05,miscellaneous,mom_pct,-0.93,2,Qatar Tribune,2026-06-19,https://www.qatar-tribune.com/article/240104/business/qatars-cpi-edges-down-051-in-may-on-lower-transport-costs
2026-05,all_items,index,110.05,2,Qatar News Agency,2026-06-18,https://qna.org.qa/en/News-Area/News/2026-6/18/consumer-price-index-for-may-2026-records-a-monthly-decrease-of-051
2026-05,all_items,mom_pct,-0.51,2,Qatar News Agency,2026-06-18,https://qna.org.qa/en/News-Area/News/2026-6/18/consumer-price-index-for-may-2026-records-a-monthly-decrease-of-051
2026-05,food_beverages,mom_pct,1.84,2,Qatar News Agency,2026-06-18,https://qna.org.qa/en/News-Area/News/2026-6/18/consumer-price-index-for-may-2026-records-a-monthly-decrease-of-051
2026-05,tobacco,mom_pct,0.00,2,Qatar News Agency,2026-06-18,https://qna.org.qa/en/News-Area/News/2026-6/18/consumer-price-index-for-may-2026-records-a-monthly-decrease-of-051
2026-05,clothing_footwear,mom_pct,0.39,2,Qatar News Agency,2026-06-18,https://qna.org.qa/en/News-Area/News/2026-6/18/consumer-price-index-for-may-2026-records-a-monthly-decrease-of-051
2026-05,housing_utilities,mom_pct,0.32,2,Qatar News Agency,2026-06-18,https://qna.org.qa/en/News-Area/News/2026-6/18/consumer-price-index-for-may-2026-records-a-monthly-decrease-of-051
2026-05,furniture_household,mom_pct,-0.07,2,Qatar News Agency,2026-06-18,https://qna.org.qa/en/News-Area/News/2026-6/18/consumer-price-index-for-may-2026-records-a-monthly-decrease-of-051
2026-05,health,mom_pct,0.00,2,Qatar News Agency,2026-06-18,https://qna.org.qa/en/News-Area/News/2026-6/18/consumer-price-index-for-may-2026-records-a-monthly-decrease-of-051
2026-05,transport,mom_pct,-3.85,2,Qatar News Agency,2026-06-18,https://qna.org.qa/en/News-Area/News/2026-6/18/consumer-price-index-for-may-2026-records-a-monthly-decrease-of-051
2026-05,communication,mom_pct,0.00,2,Qatar News Agency,2026-06-18,https://qna.org.qa/en/News-Area/News/2026-6/18/consumer-price-index-for-may-2026-records-a-monthly-decrease-of-051
2026-05,recreation_culture,mom_pct,-1.32,2,Qatar News Agency,2026-06-18,https://qna.org.qa/en/News-Area/News/2026-6/18/consumer-price-index-for-may-2026-records-a-monthly-decrease-of-051
2026-05,education,mom_pct,0.01,2,Qatar News Agency,2026-06-18,https://qna.org.qa/en/News-Area/News/2026-6/18/consumer-price-index-for-may-2026-records-a-monthly-decrease-of-051
2026-05,restaurants_hotels,mom_pct,-0.92,2,Qatar News Agency,2026-06-18,https://qna.org.qa/en/News-Area/News/2026-6/18/consumer-price-index-for-may-2026-records-a-monthly-decrease-of-051
2026-05,miscellaneous,mom_pct,-0.93,2,Qatar News Agency,2026-06-18,https://qna.org.qa/en/News-Area/News/2026-6/18/consumer-price-index-for-may-2026-records-a-monthly-decrease-of-051
2026-05,all_items_ex_housing,index,114.59,2,Qatar Tribune,2026-06-19,https://www.qatar-tribune.com/article/240104/business/qatars-cpi-edges-down-051-in-may-on-lower-transport-costs
2026-05,all_items_ex_housing,mom_pct,-0.69,2,Qatar Tribune,2026-06-19,https://www.qatar-tribune.com/article/240104/business/qatars-cpi-edges-down-051-in-may-on-lower-transport-costs
2026-05,all_items_ex_housing,index,114.59,2,Qatar News Agency,2026-06-18,https://qna.org.qa/en/News-Area/News/2026-6/18/consumer-price-index-for-may-2026-records-a-monthly-decrease-of-051
2026-05,all_items_ex_housing,mom_pct,-0.69,2,Qatar News Agency,2026-06-18,https://qna.org.qa/en/News-Area/News/2026-6/18/consumer-price-index-for-may-2026-records-a-monthly-decrease-of-051
2026-05,all_items,yoy_pct,2.2,1,FocusEconomics,2026-06-19,https://www.focus-economics.com/countries/qatar/news/inflation/qatar-consumer-prices-e-19-06-2026-inflation-slows-in-may-from-april/
2026-05,food_beverages,yoy_pct,11.7,1,FocusEconomics,2026-06-19,https://www.focus-economics.com/countries/qatar/news/inflation/qatar-consumer-prices-e-19-06-2026-inflation-slows-in-may-from-april/
2026-05,transport,yoy_pct,-3.0,1,FocusEconomics,2026-06-19,https://www.focus-economics.com/countries/qatar/news/inflation/qatar-consumer-prices-e-19-06-2026-inflation-slows-in-may-from-april/
2026-05,recreation_culture,yoy_pct,-5.7,1,FocusEconomics,2026-06-19,https://www.focus-economics.com/countries/qatar/news/inflation/qatar-consumer-prices-e-19-06-2026-inflation-slows-in-may-from-april/
2026-05,clothing_footwear,yoy_pct,5.5,1,FocusEconomics,2026-06-19,https://www.focus-economics.com/countries/qatar/news/inflation/qatar-consumer-prices-e-19-06-2026-inflation-slows-in-may-from-april/
2026-05,housing_utilities,yoy_pct,2.7,1,FocusEconomics,2026-06-19,https://www.focus-economics.com/countries/qatar/news/inflation/qatar-consumer-prices-e-19-06-2026-inflation-slows-in-may-from-april/
2026-05,food_beverages,yoy_pct,11.71,2,Trading Economics,2026-08-04,https://tradingeconomics.com/qatar/food-inflation
2026-06,all_items,index,110.12,2,Gulf Times,2026-08-04,https://www.gulf-times.com/article/730540/business/qatars-consumer-price-index-rises-221-in-june
2026-06,all_items,mom_pct,0.06,2,Gulf Times,2026-08-04,https://www.gulf-times.com/article/730540/business/qatars-consumer-price-index-rises-221-in-june
2026-06,all_items,yoy_pct,2.21,2,Gulf Times,2026-08-04,https://www.gulf-times.com/article/730540/business/qatars-consumer-price-index-rises-221-in-june
2026-06,food_beverages,mom_pct,0.98,2,Gulf Times,2026-08-04,https://www.gulf-times.com/article/730540/business/qatars-consumer-price-index-rises-221-in-june
2026-06,tobacco,mom_pct,0.00,2,Gulf Times,2026-08-04,https://www.gulf-times.com/article/730540/business/qatars-consumer-price-index-rises-221-in-june
2026-06,clothing_footwear,mom_pct,0.40,2,Gulf Times,2026-08-04,https://www.gulf-times.com/article/730540/business/qatars-consumer-price-index-rises-221-in-june
2026-06,housing_utilities,mom_pct,0.33,2,Gulf Times,2026-08-04,https://www.gulf-times.com/article/730540/business/qatars-consumer-price-index-rises-221-in-june
2026-06,furniture_household,mom_pct,0.00,2,Gulf Times,2026-08-04,https://www.gulf-times.com/article/730540/business/qatars-consumer-price-index-rises-221-in-june
2026-06,health,mom_pct,0.00,2,Gulf Times,2026-08-04,https://www.gulf-times.com/article/730540/business/qatars-consumer-price-index-rises-221-in-june
2026-06,transport,mom_pct,2.18,2,Gulf Times,2026-08-04,https://www.gulf-times.com/article/730540/business/qatars-consumer-price-index-rises-221-in-june
2026-06,communication,mom_pct,-0.43,2,Gulf Times,2026-08-04,https://www.gulf-times.com/article/730540/business/qatars-consumer-price-index-rises-221-in-june
2026-06,recreation_culture,mom_pct,-2.01,2,Gulf Times,2026-08-04,https://www.gulf-times.com/article/730540/business/qatars-consumer-price-index-rises-221-in-june
2026-06,education,mom_pct,0.00,2,Gulf Times,2026-08-04,https://www.gulf-times.com/article/730540/business/qatars-consumer-price-index-rises-221-in-june
2026-06,restaurants_hotels,mom_pct,0.00,2,Gulf Times,2026-08-04,https://www.gulf-times.com/article/730540/business/qatars-consumer-price-index-rises-221-in-june
2026-06,miscellaneous,mom_pct,-2.68,2,Gulf Times,2026-08-04,https://www.gulf-times.com/article/730540/business/qatars-consumer-price-index-rises-221-in-june
2026-06,food_beverages,yoy_pct,12.74,2,Gulf Times,2026-08-04,https://www.gulf-times.com/article/730540/business/qatars-consumer-price-index-rises-221-in-june
2026-06,tobacco,yoy_pct,0.00,2,Gulf Times,2026-08-04,https://www.gulf-times.com/article/730540/business/qatars-consumer-price-index-rises-221-in-june
2026-06,clothing_footwear,yoy_pct,5.04,2,Gulf Times,2026-08-04,https://www.gulf-times.com/article/730540/business/qatars-consumer-price-index-rises-221-in-june
2026-06,housing_utilities,yoy_pct,2.67,2,Gulf Times,2026-08-04,https://www.gulf-times.com/article/730540/business/qatars-consumer-price-index-rises-221-in-june
2026-06,furniture_household,yoy_pct,0.70,2,Gulf Times,2026-08-04,https://www.gulf-times.com/article/730540/business/qatars-consumer-price-index-rises-221-in-june
2026-06,health,yoy_pct,-0.09,2,Gulf Times,2026-08-04,https://www.gulf-times.com/article/730540/business/qatars-consumer-price-index-rises-221-in-june
2026-06,transport,yoy_pct,-0.92,2,Gulf Times,2026-08-04,https://www.gulf-times.com/article/730540/business/qatars-consumer-price-index-rises-221-in-june
2026-06,communication,yoy_pct,0.30,2,Gulf Times,2026-08-04,https://www.gulf-times.com/article/730540/business/qatars-consumer-price-index-rises-221-in-june
2026-06,recreation_culture,yoy_pct,-6.99,2,Gulf Times,2026-08-04,https://www.gulf-times.com/article/730540/business/qatars-consumer-price-index-rises-221-in-june
2026-06,education,yoy_pct,2.09,2,Gulf Times,2026-08-04,https://www.gulf-times.com/article/730540/business/qatars-consumer-price-index-rises-221-in-june
2026-06,restaurants_hotels,yoy_pct,0.24,2,Gulf Times,2026-08-04,https://www.gulf-times.com/article/730540/business/qatars-consumer-price-index-rises-221-in-june
2026-06,miscellaneous,yoy_pct,9.01,2,Gulf Times,2026-08-04,https://www.gulf-times.com/article/730540/business/qatars-consumer-price-index-rises-221-in-june
2026-06,all_items,index,110.12,2,Qatar Tribune,2026-08-04,https://www.qatar-tribune.com/article/247337/latest-news/qatars-consumer-prices-rise-221-year-on-year-in-june/amp
2026-06,all_items,mom_pct,0.06,2,Qatar Tribune,2026-08-04,https://www.qatar-tribune.com/article/247337/latest-news/qatars-consumer-prices-rise-221-year-on-year-in-june/amp
2026-06,all_items,yoy_pct,2.21,2,Qatar Tribune,2026-08-04,https://www.qatar-tribune.com/article/247337/latest-news/qatars-consumer-prices-rise-221-year-on-year-in-june/amp
2026-06,food_beverages,mom_pct,0.98,2,Qatar Tribune,2026-08-04,https://www.qatar-tribune.com/article/247337/latest-news/qatars-consumer-prices-rise-221-year-on-year-in-june/amp
2026-06,tobacco,mom_pct,0.00,2,Qatar Tribune,2026-08-04,https://www.qatar-tribune.com/article/247337/latest-news/qatars-consumer-prices-rise-221-year-on-year-in-june/amp
2026-06,clothing_footwear,mom_pct,0.40,2,Qatar Tribune,2026-08-04,https://www.qatar-tribune.com/article/247337/latest-news/qatars-consumer-prices-rise-221-year-on-year-in-june/amp
2026-06,housing_utilities,mom_pct,0.33,2,Qatar Tribune,2026-08-04,https://www.qatar-tribune.com/article/247337/latest-news/qatars-consumer-prices-rise-221-year-on-year-in-june/amp
2026-06,furniture_household,mom_pct,0.00,2,Qatar Tribune,2026-08-04,https://www.qatar-tribune.com/article/247337/latest-news/qatars-consumer-prices-rise-221-year-on-year-in-june/amp
2026-06,health,mom_pct,0.00,2,Qatar Tribune,2026-08-04,https://www.qatar-tribune.com/article/247337/latest-news/qatars-consumer-prices-rise-221-year-on-year-in-june/amp
2026-06,transport,mom_pct,2.18,2,Qatar Tribune,2026-08-04,https://www.qatar-tribune.com/article/247337/latest-news/qatars-consumer-prices-rise-221-year-on-year-in-june/amp
2026-06,communication,mom_pct,-0.43,2,Qatar Tribune,2026-08-04,https://www.qatar-tribune.com/article/247337/latest-news/qatars-consumer-prices-rise-221-year-on-year-in-june/amp
2026-06,recreation_culture,mom_pct,-2.01,2,Qatar Tribune,2026-08-04,https://www.qatar-tribune.com/article/247337/latest-news/qatars-consumer-prices-rise-221-year-on-year-in-june/amp
2026-06,education,mom_pct,0.00,2,Qatar Tribune,2026-08-04,https://www.qatar-tribune.com/article/247337/latest-news/qatars-consumer-prices-rise-221-year-on-year-in-june/amp
2026-06,restaurants_hotels,mom_pct,0.00,2,Qatar Tribune,2026-08-04,https://www.qatar-tribune.com/article/247337/latest-news/qatars-consumer-prices-rise-221-year-on-year-in-june/amp
2026-06,miscellaneous,mom_pct,-2.68,2,Qatar Tribune,2026-08-04,https://www.qatar-tribune.com/article/247337/latest-news/qatars-consumer-prices-rise-221-year-on-year-in-june/amp
2026-06,food_beverages,yoy_pct,12.74,2,Qatar Tribune,2026-08-04,https://www.qatar-tribune.com/article/247337/latest-news/qatars-consumer-prices-rise-221-year-on-year-in-june/amp
2026-06,tobacco,yoy_pct,0.00,2,Qatar Tribune,2026-08-04,https://www.qatar-tribune.com/article/247337/latest-news/qatars-consumer-prices-rise-221-year-on-year-in-june/amp
2026-06,clothing_footwear,yoy_pct,5.04,2,Qatar Tribune,2026-08-04,https://www.qatar-tribune.com/article/247337/latest-news/qatars-consumer-prices-rise-221-year-on-year-in-june/amp
2026-06,housing_utilities,yoy_pct,2.67,2,Qatar Tribune,2026-08-04,https://www.qatar-tribune.com/article/247337/latest-news/qatars-consumer-prices-rise-221-year-on-year-in-june/amp
2026-06,furniture_household,yoy_pct,0.70,2,Qatar Tribune,2026-08-04,https://www.qatar-tribune.com/article/247337/latest-news/qatars-consumer-prices-rise-221-year-on-year-in-june/amp
2026-06,health,yoy_pct,-0.09,2,Qatar Tribune,2026-08-04,https://www.qatar-tribune.com/article/247337/latest-news/qatars-consumer-prices-rise-221-year-on-year-in-june/amp
2026-06,transport,yoy_pct,-0.92,2,Qatar Tribune,2026-08-04,https://www.qatar-tribune.com/article/247337/latest-news/qatars-consumer-prices-rise-221-year-on-year-in-june/amp
2026-06,communication,yoy_pct,0.30,2,Qatar Tribune,2026-08-04,https://www.qatar-tribune.com/article/247337/latest-news/qatars-consumer-prices-rise-221-year-on-year-in-june/amp
2026-06,recreation_culture,yoy_pct,-6.99,2,Qatar Tribune,2026-08-04,https://www.qatar-tribune.com/article/247337/latest-news/qatars-consumer-prices-rise-221-year-on-year-in-june/amp
2026-06,education,yoy_pct,2.09,2,Qatar Tribune,2026-08-04,https://www.qatar-tribune.com/article/247337/latest-news/qatars-consumer-prices-rise-221-year-on-year-in-june/amp
2026-06,restaurants_hotels,yoy_pct,0.24,2,Qatar Tribune,2026-08-04,https://www.qatar-tribune.com/article/247337/latest-news/qatars-consumer-prices-rise-221-year-on-year-in-june/amp
2026-06,miscellaneous,yoy_pct,9.01,2,Qatar Tribune,2026-08-04,https://www.qatar-tribune.com/article/247337/latest-news/qatars-consumer-prices-rise-221-year-on-year-in-june/amp
2026-06,all_items_ex_housing,index,114.60,2,Gulf Times,2026-08-04,https://www.gulf-times.com/article/730540/business/qatars-consumer-price-index-rises-221-in-june
2026-06,all_items_ex_housing,mom_pct,0.01,2,Gulf Times,2026-08-04,https://www.gulf-times.com/article/730540/business/qatars-consumer-price-index-rises-221-in-june
2026-06,all_items_ex_housing,index,114.60,2,Qatar Tribune,2026-08-04,https://www.qatar-tribune.com/article/247337/latest-news/qatars-consumer-prices-rise-221-year-on-year-in-june/amp
2026-06,all_items_ex_housing,mom_pct,0.01,2,Qatar Tribune,2026-08-04,https://www.qatar-tribune.com/article/247337/latest-news/qatars-consumer-prices-rise-221-year-on-year-in-june/amp
2026-06,food_beverages,yoy_pct,12.74,2,The Peninsula,2026-08-05,https://thepeninsulaqatar.com/article/05/08/2026/consumer-price-index-rises-221-y-o-y-in-june-2026
2026-06,miscellaneous,yoy_pct,9.01,2,The Peninsula,2026-08-05,https://thepeninsulaqatar.com/article/05/08/2026/consumer-price-index-rises-221-y-o-y-in-june-2026
2026-06,clothing_footwear,yoy_pct,5.04,2,The Peninsula,2026-08-05,https://thepeninsulaqatar.com/article/05/08/2026/consumer-price-index-rises-221-y-o-y-in-june-2026
2026-06,recreation_culture,yoy_pct,-6.99,2,The Peninsula,2026-08-05,https://thepeninsulaqatar.com/article/05/08/2026/consumer-price-index-rises-221-y-o-y-in-june-2026
2026-06,transport,yoy_pct,-0.92,2,The Peninsula,2026-08-05,https://thepeninsulaqatar.com/article/05/08/2026/consumer-price-index-rises-221-y-o-y-in-june-2026
2026-06,all_items,index,110.12,2,The Peninsula,2026-08-05,https://thepeninsulaqatar.com/article/05/08/2026/consumer-price-index-rises-221-y-o-y-in-june-2026
2026-06,all_items,yoy_pct,2.21,2,The Peninsula,2026-08-05,https://thepeninsulaqatar.com/article/05/08/2026/consumer-price-index-rises-221-y-o-y-in-june-2026
2026-06,food_beverages,yoy_pct,12.74,2,Trading Economics,2026-08-04,https://tradingeconomics.com/qatar/food-inflation
