economy,region,sub_region,h1_2025_pct,h2_2025_pct,q1_2026_pct,q2_2026_pct,rank_q2_2026,rank_q1_2026_report,change_q1_to_q2_pp,change_h1_2025_to_q2_2026_pp,shared_value_group,own_estimate,q2_2026_verification
United Arab Emirates,Middle East,Gulf,59.4,64.0,70.1,73.3,1,1,3.2,13.9,,yes,two-publishers
Singapore,Asia,Asia,58.6,60.9,63.4,64.3,2,2,0.9,5.7,,yes,two-publishers
Ireland,Europe,Europe,41.7,44.6,48.4,49.9,3,4,1.5,8.2,,yes,two-publishers
France,Europe,Europe,40.9,44.0,47.8,49.6,4,5,1.8,8.7,,yes,two-publishers
Norway,Europe,Europe,45.3,46.4,48.6,49.4,5,3,0.8,4.1,,yes,two-publishers
Spain,Europe,Europe,39.7,41.8,44.2,45.1,6,6,0.9,5.4,,yes,two-publishers
New Zealand,Oceania,Oceania,37.6,40.5,43.0,44.1,7,7,1.1,6.5,,yes,two-publishers
United Kingdom,Europe,Europe,36.4,38.9,42.2,43.7,8,8,1.5,7.3,,yes,two-publishers
Netherlands,Europe,Europe,36.3,38.9,42.1,43.5,9,9,1.4,7.2,,yes,two-publishers
Qatar,Middle East,Gulf,35.7,38.3,41.8,43.5,10,10,1.7,7.8,,yes,two-publishers
Australia,Oceania,Oceania,34.5,36.9,39.5,40.7,11,11,1.2,6.2,,yes,two-publishers
South Korea,Asia,Asia,25.9,30.7,37.1,40.6,12,16,3.5,14.7,,yes,two-publishers
Belgium,Europe,Europe,33.5,36.0,39.0,40.3,13,12,1.3,6.8,,yes,single-document
Switzerland,Europe,Europe,32.4,34.8,37.8,39.1,14,14,1.3,6.7,,yes,two-publishers
Israel,Middle East,Levant and Iraq,33.9,36.1,38.1,38.7,15,13,0.6,4.8,,yes,two-publishers
Canada,Americas,Americas,33.5,35.0,37.3,38.5,16,15,1.2,5.0,,yes,single-document
Sweden,Europe,Europe,31.2,33.3,36.1,37.3,17,17,1.2,6.1,,yes,single-document
Austria,Europe,Europe,29.1,31.4,34.1,35.4,18,18,1.3,6.3,,yes,single-document
Taiwan,Asia,Asia,26.4,28.4,31.8,33.8,19,20,2.0,7.4,,yes,single-document
Hungary,Europe,Europe,27.9,29.8,32.2,33.3,20,19,1.1,5.4,,yes,single-document
United States,Americas,Americas,26.3,28.3,31.3,33.0,21,21,1.7,6.7,,yes,two-publishers
Denmark,Europe,Europe,26.6,28.7,31.2,32.4,22,22,1.2,5.8,,yes,single-document
Germany,Europe,Europe,26.5,28.6,31.1,32.3,23,23,1.2,5.8,,yes,single-document
Poland,Europe,Europe,26.4,28.5,31.0,32.3,24,24,1.3,5.9,,yes,single-document
Saudi Arabia,Middle East,Gulf,23.7,26.2,29.4,31.4,25,30,2.0,7.7,,yes,two-publishers
Italy,Europe,Europe,25.8,27.8,30.2,31.4,26,25,1.2,5.6,,yes,two-publishers
Czech Republic,Europe,Europe,26.0,27.8,30.1,31.2,27,26,1.1,5.2,,yes,single-document
Jordan,Middle East,Levant and Iraq,25.4,27.0,29.7,31.2,28,27,1.5,5.8,,yes,single-document
Bulgaria,Europe,Europe,25.4,27.3,29.7,30.7,29,28,1.0,5.3,,yes,single-document
Finland,Europe,Europe,25.6,27.3,29.5,30.6,30,29,1.1,5.0,,yes,single-document
Slovenia,Europe,Europe,24.6,26.5,29.0,30.1,31,31,1.1,5.5,,yes,single-document
Costa Rica,Americas,Americas,25.1,26.5,28.5,29.7,32,32,1.2,4.6,,yes,single-document
Vietnam,Asia,Asia,21.2,23.5,26.5,27.9,33,34,1.4,6.7,,yes,single-document
Lebanon,Middle East,Levant and Iraq,24.8,25.7,27.3,27.7,34,33,0.4,2.9,,yes,single-document
Oman,Middle East,Gulf,22.6,24.2,26.5,27.6,35,35,1.1,5.0,,yes,single-document
Portugal,Europe,Europe,22.4,24.2,26.4,27.4,36,36,1.0,5.0,,yes,single-document
Croatia,Europe,Europe,21.8,23.7,26.1,27.2,37,37,1.1,5.4,,yes,single-document
Slovak Republic,Europe,Europe,22.1,23.8,26.1,27.1,38,38,1.0,5.0,,yes,single-document
Colombia,Americas,Americas,20.4,22.0,24.5,25.9,39,41,1.4,5.5,,yes,single-document
Dominican Republic,Americas,Americas,22.0,22.7,24.8,25.8,40,39,1.0,3.8,,yes,single-document
Uruguay,Americas,Americas,20.9,22.5,24.6,25.7,41,40,1.1,4.8,,yes,single-document
Serbia,Europe,Europe,19.7,21.5,24.1,25.3,42,43,1.2,5.6,,yes,single-document
Lithuania,Europe,Europe,21.0,22.4,24.3,25.1,43,42,0.8,4.1,,yes,single-document
Jamaica,Americas,Americas,22.2,22.1,24.0,25.0,44,44,1.0,2.8,,yes,single-document
Japan,Asia,Asia,16.7,19.1,22.5,24.7,45,48,2.2,8.0,,yes,single-document
Panama,Americas,Americas,20.3,21.5,23.3,24.2,46,45,0.9,3.9,,yes,single-document
Chile,Americas,Americas,19.6,20.8,22.7,24.0,47,47,1.3,4.4,,yes,single-document
South Africa,Sub-Saharan Africa,Sub-Saharan Africa,19.3,21.1,23.1,23.9,48,46,0.8,4.6,,yes,single-document
Argentina,Americas,Americas,17.8,19.6,21.9,23.4,49,50,1.5,5.6,,yes,single-document
Bosnia and Herzegovina,Europe,Europe,18.2,19.5,22.1,23.2,50,49,1.1,5.0,,yes,single-document
Malaysia,Asia,Asia,18.3,19.7,21.8,22.6,51,51,0.8,4.3,,yes,single-document
Kuwait,Middle East,Gulf,17.7,19.1,21.1,22.6,52,52,1.5,4.9,,yes,single-document
Georgia,Asia,Asia,17.3,18.2,20.5,21.6,53,54,1.1,4.3,,yes,single-document
Greece,Europe,Europe,17.7,19.1,20.8,21.5,54,53,0.7,3.8,,yes,single-document
Mexico,Americas,Americas,16.7,17.8,20.1,21.4,55,55,1.3,4.7,,yes,single-document
Philippines,Asia,Asia,17.1,18.3,20.1,20.7,56,56,0.6,3.6,,yes,single-document
Ecuador,Americas,Americas,17.0,17.7,19.5,20.3,57,57,0.8,3.3,,yes,single-document
Brazil,Americas,Americas,15.6,17.1,19.1,20.2,58,58,1.1,4.6,,yes,single-document
El Salvador,Americas,Americas,14.6,16.2,18.3,20.1,59,61,1.8,5.5,,yes,single-document
Albania,Europe,Europe,15.8,16.5,18.5,19.2,60,59,0.7,3.4,,yes,single-document
Moldova,Europe,Europe,16.6,17.0,18.5,19.1,61,60,0.6,2.5,,yes,single-document
Turkey,Middle East,Iran and Turkey,13.4,14.6,17.4,18.9,62,65,1.5,5.5,,yes,single-document
Azerbaijan,Asia,Asia,14.2,15.5,17.7,18.7,63,62,1.0,4.5,,yes,single-document
India,Asia,Asia,14.2,15.7,17.6,18.5,64,63,0.9,4.3,,yes,two-publishers
Romania,Europe,Europe,15.3,16.2,17.5,18.0,65,64,0.5,2.7,,yes,single-document
Mongolia,Asia,Asia,12.6,14.3,16.7,17.9,66,66,1.2,5.3,,yes,single-document
China,Asia,Asia,15.4,16.3,16.4,17.5,67,69,1.1,2.1,,yes,two-publishers
Peru,Americas,Americas,13.4,14.7,16.4,17.3,68,68,0.9,3.9,,yes,single-document
Guatemala,Americas,Americas,13.7,14.8,16.4,17.3,69,67,0.9,3.6,,yes,single-document
Kazakhstan,Asia,Asia,12.7,13.7,15.9,16.9,70,70,1.0,4.2,,yes,single-document
Gabon,Sub-Saharan Africa,Sub-Saharan Africa,12.3,13.4,15.0,15.7,71,72,0.7,3.4,,yes,single-document
Libya,Middle East,North Africa,12.7,13.7,15.0,15.5,72,73,0.5,2.8,,yes,single-document
Egypt,Middle East,North Africa,12.5,13.4,14.8,15.5,73,74,0.7,3.0,,yes,single-document
Namibia,Sub-Saharan Africa,Sub-Saharan Africa,13.0,13.8,15.1,15.4,74,71,0.3,2.4,,yes,single-document
Botswana,Sub-Saharan Africa,Sub-Saharan Africa,12.8,13.7,14.8,15.0,75,75,0.2,2.2,,yes,single-document
Indonesia,Asia,Asia,11.7,12.7,14.1,14.8,76,77,0.7,3.1,,yes,single-document
Nepal,Asia,Asia,12.3,13.0,14.2,14.6,77,76,0.4,2.3,,yes,single-document
Honduras,Americas,Americas,12.4,13.1,14.0,14.5,78,78,0.5,2.1,,yes,single-document
Senegal,Sub-Saharan Africa,Sub-Saharan Africa,12.4,12.9,13.9,14.4,79,79,0.5,2.0,,yes,single-document
Tunisia,Middle East,North Africa,12.3,12.7,13.5,13.9,80,80,0.4,1.6,,yes,single-document
Algeria,Middle East,North Africa,11.3,12.0,13.3,13.8,81,81,0.5,2.5,,yes,single-document
Cote d'Ivoire,Sub-Saharan Africa,Sub-Saharan Africa,10.8,11.7,13.1,13.7,82,83,0.6,2.9,,yes,single-document
Thailand,Asia,Asia,9.1,10.7,12.4,13.4,83,87,1.0,4.3,,yes,single-document
Bolivia,Americas,Americas,10.9,11.6,12.7,13.3,84,84,0.6,2.4,,yes,single-document
Zambia,Sub-Saharan Africa,Sub-Saharan Africa,11.7,12.3,13.1,13.3,85,82,0.2,1.6,,yes,single-document
Iraq,Middle East,Levant and Iraq,10.3,11.2,12.5,13.0,86,86,0.5,2.7,,yes,single-document
Iran,Middle East,Iran and Turkey,9.6,10.7,12.6,12.8,87,85,0.2,3.2,,yes,single-document
Paraguay,Americas,Americas,10.1,11.0,12.2,12.6,88,88,0.4,2.5,,yes,single-document
Nicaragua,Americas,Americas,10.0,10.7,11.8,12.5,89,89,0.7,2.5,,yes,single-document
Morocco,Middle East,North Africa,10.5,10.9,11.7,12.0,90,90,0.3,1.5,,yes,single-document
Pakistan,Asia,Asia,9.7,10.3,11.4,11.9,91,92,0.5,2.2,,yes,single-document
Gambia,Sub-Saharan Africa,Sub-Saharan Africa,10.6,10.9,11.5,11.5,92,91,0.0,0.9,,yes,single-document
Mozambique,Sub-Saharan Africa,Sub-Saharan Africa,8.9,9.7,10.9,11.4,93,96,0.5,2.5,group 1,no,single-document
Angola,Sub-Saharan Africa,Sub-Saharan Africa,8.9,9.7,10.9,11.4,94,93,0.5,2.5,group 1,no,single-document
Madagascar,Sub-Saharan Africa,Sub-Saharan Africa,8.9,9.7,10.9,11.4,95,94,0.5,2.5,group 1,no,single-document
Malawi,Sub-Saharan Africa,Sub-Saharan Africa,8.9,9.7,10.9,11.4,96,95,0.5,2.5,group 1,no,single-document
Guyana,Americas,Americas,8.3,9.0,10.3,11.3,97,98,1.0,3.0,group 2,no,single-document
Suriname,Americas,Americas,8.3,9.0,10.3,11.3,98,99,1.0,3.0,group 2,no,single-document
Venezuela,Americas,Americas,8.3,9.0,10.3,11.3,99,100,1.0,3.0,group 2,no,single-document
French Guiana,Americas,Americas,8.3,9.0,10.3,11.3,100,97,1.0,3.0,group 2,no,single-document
Myanmar,Asia,Asia,8.4,9.1,10.0,10.4,101,113,0.4,2.0,,yes,single-document
Togo,Sub-Saharan Africa,Sub-Saharan Africa,8.7,9.3,10.1,10.4,102,112,0.3,1.7,group 3,no,single-document
Guinea,Sub-Saharan Africa,Sub-Saharan Africa,8.7,9.3,10.1,10.4,103,104,0.3,1.7,group 3,no,single-document
Niger,Sub-Saharan Africa,Sub-Saharan Africa,8.7,9.3,10.1,10.4,104,109,0.3,1.7,group 3,no,single-document
Liberia,Sub-Saharan Africa,Sub-Saharan Africa,8.7,9.3,10.1,10.4,105,106,0.3,1.7,group 3,no,single-document
Nigeria,Sub-Saharan Africa,Sub-Saharan Africa,8.7,9.3,10.1,10.4,106,110,0.3,1.7,group 3,no,two-publishers
Benin,Sub-Saharan Africa,Sub-Saharan Africa,8.7,9.3,10.1,10.4,107,101,0.3,1.7,group 3,no,single-document
Mali,Sub-Saharan Africa,Sub-Saharan Africa,8.7,9.3,10.1,10.4,108,107,0.3,1.7,group 3,no,single-document
Ghana,Sub-Saharan Africa,Sub-Saharan Africa,8.7,9.3,10.1,10.4,109,103,0.3,1.7,group 3,no,single-document
Guinea-Bissau,Sub-Saharan Africa,Sub-Saharan Africa,8.7,9.3,10.1,10.4,110,105,0.3,1.7,group 3,no,single-document
Sierra Leone,Sub-Saharan Africa,Sub-Saharan Africa,8.7,9.3,10.1,10.4,111,111,0.3,1.7,group 3,no,single-document
Mauritania,Sub-Saharan Africa,Sub-Saharan Africa,8.7,9.3,10.1,10.4,112,108,0.3,1.7,group 3,no,single-document
Burkina Faso,Sub-Saharan Africa,Sub-Saharan Africa,8.7,9.3,10.1,10.4,113,102,0.3,1.7,group 3,no,single-document
Belarus,Europe,Europe,7.6,8.4,9.6,10.3,114,115,0.7,2.7,,yes,single-document
Kyrgyzstan,Asia,Asia,7.6,8.2,9.5,10.0,115,116,0.5,2.4,,yes,single-document
Russia,Europe,Europe,7.6,8.0,9.5,9.9,116,117,0.4,2.3,,yes,single-document
Lesotho,Sub-Saharan Africa,Sub-Saharan Africa,8.8,9.1,9.8,9.9,117,114,0.1,1.1,,yes,single-document
Ukraine,Europe,Europe,9.1,9.0,9.5,9.5,118,118,0.0,0.4,,yes,single-document
Chad,Sub-Saharan Africa,Sub-Saharan Africa,7.0,7.8,8.7,9.1,119,122,0.4,2.1,group 4,no,single-document
Central African Republic,Sub-Saharan Africa,Sub-Saharan Africa,7.0,7.8,8.7,9.1,120,121,0.4,2.1,group 4,no,single-document
Cameroon,Sub-Saharan Africa,Sub-Saharan Africa,7.0,7.8,8.7,9.1,121,120,0.4,2.1,group 4,no,single-document
Democratic Republic of the Congo,Sub-Saharan Africa,Sub-Saharan Africa,7.0,7.8,8.7,9.1,122,124,0.4,2.1,group 4,no,single-document
Congo,Sub-Saharan Africa,Sub-Saharan Africa,7.0,7.8,8.7,9.1,123,123,0.4,2.1,group 4,no,single-document
Haiti,Americas,Americas,7.1,7.6,8.5,8.9,124,126,0.4,1.8,,yes,single-document
Kenya,Sub-Saharan Africa,Sub-Saharan Africa,7.8,8.1,8.7,8.9,125,119,0.2,1.1,,yes,single-document
Zimbabwe,Sub-Saharan Africa,Sub-Saharan Africa,6.9,7.6,8.5,8.9,126,125,0.4,2.0,,yes,single-document
Laos,Asia,Asia,6.0,6.7,7.8,8.4,127,127,0.6,2.4,,yes,single-document
Bangladesh,Asia,Asia,6.5,7.1,7.8,8.0,128,128,0.2,1.5,,yes,single-document
Uganda,Sub-Saharan Africa,Sub-Saharan Africa,6.4,6.8,7.6,8.0,129,137,0.4,1.6,group 5,no,single-document
Ethiopia,Sub-Saharan Africa,Sub-Saharan Africa,6.4,6.8,7.6,8.0,130,132,0.4,1.6,group 5,no,single-document
Somalia,Sub-Saharan Africa,Sub-Saharan Africa,6.4,6.8,7.6,8.0,131,133,0.4,1.6,group 5,no,single-document
Eritrea,Sub-Saharan Africa,Sub-Saharan Africa,6.4,6.8,7.6,8.0,132,131,0.4,1.6,group 5,no,single-document
South Sudan,Sub-Saharan Africa,Sub-Saharan Africa,6.4,6.8,7.6,8.0,133,134,0.4,1.6,group 5,no,single-document
Sudan,Sub-Saharan Africa,Sub-Saharan Africa,6.4,6.8,7.6,8.0,134,135,0.4,1.6,group 5,no,single-document
Burundi,Sub-Saharan Africa,Sub-Saharan Africa,6.4,6.8,7.6,8.0,135,130,0.4,1.6,group 5,no,single-document
Tanzania,Sub-Saharan Africa,Sub-Saharan Africa,6.4,6.8,7.6,8.0,136,136,0.4,1.6,group 5,no,single-document
Armenia,Asia,Asia,6.2,6.6,7.4,7.7,137,139,0.3,1.5,,yes,single-document
Papua New Guinea,Oceania,Oceania,7.2,7.3,7.7,7.6,138,129,-0.1,0.4,,yes,single-document
Sri Lanka,Asia,Asia,6.2,6.6,7.3,7.6,139,140,0.3,1.4,,yes,single-document
Rwanda,Sub-Saharan Africa,Sub-Saharan Africa,6.0,6.3,7.2,7.6,140,141,0.4,1.6,,yes,single-document
Uzbekistan,Asia,Asia,5.7,6.3,7.2,7.6,141,142,0.4,1.9,,yes,single-document
Syria,Middle East,Levant and Iraq,6.7,7.1,7.5,7.4,142,138,-0.1,0.7,,yes,single-document
Cuba,Americas,Americas,5.7,6.1,6.7,6.8,143,143,0.1,1.1,,yes,single-document
Tajikistan,Asia,Asia,5.1,5.6,6.1,6.3,144,145,0.2,1.2,group 6,no,single-document
Afghanistan,Asia,Asia,5.1,5.6,6.1,6.3,145,144,0.2,1.2,group 6,no,single-document
Turkmenistan,Asia,Asia,5.1,5.6,6.1,6.3,146,146,0.2,1.2,group 6,no,single-document
Cambodia,Asia,Asia,4.6,5.1,5.8,6.1,147,147,0.3,1.5,,yes,single-document
