group,economies,economies_own_estimate,median_q2_2026_pct,median_change_q1_to_q2_pp,highest,highest_q2_2026_pct,lowest,lowest_q2_2026_pct,economies_above_world_pct
Middle East,17,17,18.9,0.6,United Arab Emirates,73.3,Syria,7.4,9
Middle East: Gulf,5,5,31.4,1.7,United Arab Emirates,73.3,Kuwait,22.6,5
Middle East: Levant and Iraq,5,5,27.7,0.5,Israel,38.7,Syria,7.4,3
Middle East: North Africa,5,5,13.9,0.5,Libya,15.5,Morocco,12.0,0
Middle East: Iran and Turkey,2,2,15.85,0.85,Turkey,18.9,Iran,12.8,1
Europe,32,32,30.95,1.1,Ireland,49.9,Ukraine,9.5,28
Asia,28,25,14.7,0.65,Singapore,64.3,Cambodia,6.1,8
Oceania,3,3,40.7,1.1,New Zealand,44.1,Papua New Guinea,7.6,2
Americas,26,22,20.15,1.0,Canada,38.5,Cuba,6.8,14
Sub-Saharan Africa,41,12,10.4,0.4,South Africa,23.9,Rwanda,7.6,1
All 147 economies,147,111,15.4,0.7,United Arab Emirates,73.3,Cambodia,6.1,62
