quarter,quarter_start,year,quarter_number,nationality,sex,indicator,value_pct,n_documents,n_publishers,verification,survey_design
2021-Q1,2021-01-01,2021,1,Non-Saudi,Female,participation_rate,38.5,1,1,single-document,earlier questionnaire
2021-Q1,2021-01-01,2021,1,Saudi,Female,participation_rate,31.9,1,1,single-document,earlier questionnaire
2021-Q1,2021-01-01,2021,1,Saudi,Male,participation_rate,64.8,1,1,single-document,earlier questionnaire
2021-Q1,2021-01-01,2021,1,Saudi,Total,participation_rate,48.3,1,1,single-document,earlier questionnaire
2021-Q2,2021-04-01,2021,2,Non-Saudi,Female,participation_rate,38.5,1,1,single-document,earlier questionnaire
2021-Q2,2021-04-01,2021,2,Saudi,Female,participation_rate,32.1,1,1,single-document,earlier questionnaire
2021-Q2,2021-04-01,2021,2,Saudi,Male,participation_rate,65.0,1,1,single-document,earlier questionnaire
2021-Q2,2021-04-01,2021,2,Saudi,Total,participation_rate,48.5,1,1,single-document,earlier questionnaire
2021-Q3,2021-07-01,2021,3,Non-Saudi,Female,participation_rate,41.0,1,1,single-document,earlier questionnaire
2021-Q3,2021-07-01,2021,3,Saudi,Female,participation_rate,34.3,1,1,single-document,earlier questionnaire
2021-Q3,2021-07-01,2021,3,Saudi,Male,participation_rate,65.1,1,1,single-document,earlier questionnaire
2021-Q3,2021-07-01,2021,3,Saudi,Total,participation_rate,49.6,1,1,single-document,earlier questionnaire
2021-Q4,2021-10-01,2021,4,Non-Saudi,Female,participation_rate,34.0,1,1,single-document,earlier questionnaire
2021-Q4,2021-10-01,2021,4,Saudi,Female,participation_rate,34.7,1,1,single-document,earlier questionnaire
2021-Q4,2021-10-01,2021,4,Saudi,Male,participation_rate,65.6,1,1,single-document,earlier questionnaire
2021-Q4,2021-10-01,2021,4,Saudi,Total,participation_rate,50.1,1,1,single-document,earlier questionnaire
2022-Q1,2022-01-01,2022,1,Non-Saudi,Female,participation_rate,33.4,1,1,single-document,earlier questionnaire
2022-Q1,2022-01-01,2022,1,Saudi,Female,participation_rate,33.3,1,1,single-document,earlier questionnaire
2022-Q1,2022-01-01,2022,1,Saudi,Male,participation_rate,65.1,1,1,single-document,earlier questionnaire
2022-Q1,2022-01-01,2022,1,Saudi,Total,participation_rate,49.1,1,1,single-document,earlier questionnaire
2022-Q2,2022-04-01,2022,2,Non-Saudi,Female,participation_rate,32.5,1,1,single-document,earlier questionnaire
2022-Q2,2022-04-01,2022,2,Saudi,Female,participation_rate,35.1,1,1,single-document,earlier questionnaire
2022-Q2,2022-04-01,2022,2,Saudi,Male,participation_rate,66.5,1,1,single-document,earlier questionnaire
2022-Q2,2022-04-01,2022,2,Saudi,Total,participation_rate,50.8,1,1,single-document,earlier questionnaire
2022-Q3,2022-07-01,2022,3,Non-Saudi,Female,participation_rate,32.8,1,1,single-document,earlier questionnaire
2022-Q3,2022-07-01,2022,3,Saudi,Female,participation_rate,36.5,1,1,single-document,earlier questionnaire
2022-Q3,2022-07-01,2022,3,Saudi,Male,participation_rate,66.3,1,1,single-document,earlier questionnaire
2022-Q3,2022-07-01,2022,3,Saudi,Total,participation_rate,51.4,1,1,single-document,earlier questionnaire
2022-Q4,2022-10-01,2022,4,Non-Saudi,Female,participation_rate,32.1,1,1,single-document,earlier questionnaire
2022-Q4,2022-10-01,2022,4,Saudi,Female,participation_rate,35.5,1,1,single-document,earlier questionnaire
2022-Q4,2022-10-01,2022,4,Saudi,Male,participation_rate,67.3,1,1,single-document,earlier questionnaire
2022-Q4,2022-10-01,2022,4,Saudi,Total,participation_rate,51.5,1,1,single-document,earlier questionnaire
2023-Q1,2023-01-01,2023,1,Non-Saudi,Female,participation_rate,34.8,1,1,single-document,earlier questionnaire
2023-Q1,2023-01-01,2023,1,Saudi,Female,participation_rate,35.5,1,1,single-document,earlier questionnaire
2023-Q1,2023-01-01,2023,1,Saudi,Male,participation_rate,67.1,1,1,single-document,earlier questionnaire
2023-Q1,2023-01-01,2023,1,Saudi,Total,participation_rate,51.4,1,1,single-document,earlier questionnaire
2023-Q2,2023-04-01,2023,2,Non-Saudi,Female,participation_rate,31.9,2,2,two-publishers,earlier questionnaire
2023-Q2,2023-04-01,2023,2,Saudi,Female,employment_to_population,29.3,1,1,single-document,earlier questionnaire
2023-Q2,2023-04-01,2023,2,Saudi,Female,participation_rate,34.8,2,2,two-publishers,earlier questionnaire
2023-Q2,2023-04-01,2023,2,Saudi,Female,unemployment_rate,15.9,1,1,single-document,earlier questionnaire
2023-Q2,2023-04-01,2023,2,Saudi,Male,employment_to_population,63.3,1,1,single-document,earlier questionnaire
2023-Q2,2023-04-01,2023,2,Saudi,Male,participation_rate,66.3,2,2,two-publishers,earlier questionnaire
2023-Q2,2023-04-01,2023,2,Saudi,Male,unemployment_rate,4.6,1,1,single-document,earlier questionnaire
2023-Q2,2023-04-01,2023,2,Saudi,Total,employment_to_population,46.4,1,1,single-document,earlier questionnaire
2023-Q2,2023-04-01,2023,2,Saudi,Total,participation_rate,50.7,2,2,two-publishers,earlier questionnaire
2023-Q2,2023-04-01,2023,2,Saudi,Total,unemployment_rate,8.5,1,1,single-document,earlier questionnaire
2023-Q3,2023-07-01,2023,3,Non-Saudi,Female,participation_rate,32.6,1,1,single-document,earlier questionnaire
2023-Q3,2023-07-01,2023,3,Saudi,Female,participation_rate,35.4,1,1,single-document,earlier questionnaire
2023-Q3,2023-07-01,2023,3,Saudi,Male,participation_rate,65.7,1,1,single-document,earlier questionnaire
2023-Q3,2023-07-01,2023,3,Saudi,Total,participation_rate,50.8,1,1,single-document,earlier questionnaire
2023-Q4,2023-10-01,2023,4,Non-Saudi,Female,participation_rate,33.8,2,2,two-publishers,earlier questionnaire
2023-Q4,2023-10-01,2023,4,Saudi,Female,employment_to_population,30.1,1,1,single-document,earlier questionnaire
2023-Q4,2023-10-01,2023,4,Saudi,Female,participation_rate,35.0,3,3,two-publishers,earlier questionnaire
2023-Q4,2023-10-01,2023,4,Saudi,Female,unemployment_rate,13.9,2,2,two-publishers,earlier questionnaire
2023-Q4,2023-10-01,2023,4,Saudi,Male,employment_to_population,62.4,1,1,single-document,earlier questionnaire
2023-Q4,2023-10-01,2023,4,Saudi,Male,participation_rate,65.4,2,2,two-publishers,earlier questionnaire
2023-Q4,2023-10-01,2023,4,Saudi,Male,unemployment_rate,4.6,1,1,single-document,earlier questionnaire
2023-Q4,2023-10-01,2023,4,Saudi,Total,employment_to_population,46.5,1,1,single-document,earlier questionnaire
2023-Q4,2023-10-01,2023,4,Saudi,Total,participation_rate,50.4,2,2,two-publishers,earlier questionnaire
2023-Q4,2023-10-01,2023,4,Saudi,Total,unemployment_rate,7.8,1,1,single-document,earlier questionnaire
2024-Q1,2024-01-01,2024,1,Non-Saudi,Female,participation_rate,28.3,3,2,two-publishers,earlier questionnaire
2024-Q1,2024-01-01,2024,1,Saudi,Female,employment_to_population,30.7,3,2,two-publishers,earlier questionnaire
2024-Q1,2024-01-01,2024,1,Saudi,Female,participation_rate,35.8,4,3,two-publishers,earlier questionnaire
2024-Q1,2024-01-01,2024,1,Saudi,Female,unemployment_rate,14.2,3,2,two-publishers,earlier questionnaire
2024-Q1,2024-01-01,2024,1,Saudi,Male,employment_to_population,63.6,2,1,two-gastat-releases,earlier questionnaire
2024-Q1,2024-01-01,2024,1,Saudi,Male,participation_rate,66.4,3,2,two-publishers,earlier questionnaire
2024-Q1,2024-01-01,2024,1,Saudi,Male,unemployment_rate,4.2,2,1,two-gastat-releases,earlier questionnaire
2024-Q1,2024-01-01,2024,1,Saudi,Total,employment_to_population,47.5,2,1,two-gastat-releases,earlier questionnaire
2024-Q1,2024-01-01,2024,1,Saudi,Total,participation_rate,51.4,3,2,two-publishers,earlier questionnaire
2024-Q1,2024-01-01,2024,1,Saudi,Total,unemployment_rate,7.6,2,1,two-gastat-releases,earlier questionnaire
2024-Q2,2024-04-01,2024,2,Non-Saudi,Female,participation_rate,28.9,3,2,two-publishers,earlier questionnaire
2024-Q2,2024-04-01,2024,2,Saudi,Female,employment_to_population,30.8,2,1,two-gastat-releases,earlier questionnaire
2024-Q2,2024-04-01,2024,2,Saudi,Female,participation_rate,35.4,3,2,two-publishers,earlier questionnaire
2024-Q2,2024-04-01,2024,2,Saudi,Female,unemployment_rate,12.8,2,1,two-gastat-releases,earlier questionnaire
2024-Q2,2024-04-01,2024,2,Saudi,Male,employment_to_population,63.6,2,1,two-gastat-releases,earlier questionnaire
2024-Q2,2024-04-01,2024,2,Saudi,Male,participation_rate,66.3,3,2,two-publishers,earlier questionnaire
2024-Q2,2024-04-01,2024,2,Saudi,Male,unemployment_rate,4.0,2,1,two-gastat-releases,earlier questionnaire
2024-Q2,2024-04-01,2024,2,Saudi,Total,employment_to_population,47.2,2,1,two-gastat-releases,earlier questionnaire
2024-Q2,2024-04-01,2024,2,Saudi,Total,participation_rate,50.8,3,2,two-publishers,earlier questionnaire
2024-Q2,2024-04-01,2024,2,Saudi,Total,unemployment_rate,7.1,2,1,two-gastat-releases,earlier questionnaire
2024-Q3,2024-07-01,2024,3,Non-Saudi,Female,participation_rate,27.9,3,2,two-publishers,earlier questionnaire
2024-Q3,2024-07-01,2024,3,Saudi,Female,employment_to_population,31.3,3,1,two-gastat-releases,earlier questionnaire
2024-Q3,2024-07-01,2024,3,Saudi,Female,participation_rate,36.2,4,2,two-publishers,earlier questionnaire
2024-Q3,2024-07-01,2024,3,Saudi,Female,unemployment_rate,13.6,2,1,two-gastat-releases,earlier questionnaire
2024-Q3,2024-07-01,2024,3,Saudi,Male,employment_to_population,63.7,3,1,two-gastat-releases,earlier questionnaire
2024-Q3,2024-07-01,2024,3,Saudi,Male,participation_rate,66.9,4,2,two-publishers,earlier questionnaire
2024-Q3,2024-07-01,2024,3,Saudi,Male,unemployment_rate,4.7,2,1,two-gastat-releases,earlier questionnaire
2024-Q3,2024-07-01,2024,3,Saudi,Total,employment_to_population,47.4,2,1,two-gastat-releases,earlier questionnaire
2024-Q3,2024-07-01,2024,3,Saudi,Total,participation_rate,51.5,3,2,two-publishers,earlier questionnaire
2024-Q3,2024-07-01,2024,3,Saudi,Total,unemployment_rate,7.8,3,1,two-gastat-releases,earlier questionnaire
2024-Q4,2024-10-01,2024,4,Non-Saudi,Female,participation_rate,27.9,4,2,two-publishers,earlier questionnaire
2024-Q4,2024-10-01,2024,4,Saudi,Female,employment_to_population,31.8,4,2,two-publishers,earlier questionnaire
2024-Q4,2024-10-01,2024,4,Saudi,Female,participation_rate,36.0,6,4,two-publishers,earlier questionnaire
2024-Q4,2024-10-01,2024,4,Saudi,Female,unemployment_rate,11.9,5,3,two-publishers,earlier questionnaire
2024-Q4,2024-10-01,2024,4,Saudi,Male,employment_to_population,63.4,3,1,two-gastat-releases,earlier questionnaire
2024-Q4,2024-10-01,2024,4,Saudi,Male,participation_rate,66.2,4,2,two-publishers,earlier questionnaire
2024-Q4,2024-10-01,2024,4,Saudi,Male,unemployment_rate,4.3,3,1,two-gastat-releases,earlier questionnaire
2024-Q4,2024-10-01,2024,4,Saudi,Total,employment_to_population,47.5,3,1,two-gastat-releases,earlier questionnaire
2024-Q4,2024-10-01,2024,4,Saudi,Total,participation_rate,51.1,4,2,two-publishers,earlier questionnaire
2024-Q4,2024-10-01,2024,4,Saudi,Total,unemployment_rate,7.0,3,1,two-gastat-releases,earlier questionnaire
2025-Q1,2025-01-01,2025,1,Non-Saudi,Female,participation_rate,36.7,3,2,two-publishers,2025 questionnaire
2025-Q1,2025-01-01,2025,1,Saudi,Female,employment_to_population,32.5,3,2,two-publishers,2025 questionnaire
2025-Q1,2025-01-01,2025,1,Saudi,Female,participation_rate,36.3,4,3,two-publishers,2025 questionnaire
2025-Q1,2025-01-01,2025,1,Saudi,Female,unemployment_rate,10.5,3,2,two-publishers,2025 questionnaire
2025-Q1,2025-01-01,2025,1,Saudi,Male,employment_to_population,63.8,2,1,two-gastat-releases,2025 questionnaire
2025-Q1,2025-01-01,2025,1,Saudi,Male,participation_rate,66.4,3,2,two-publishers,2025 questionnaire
2025-Q1,2025-01-01,2025,1,Saudi,Male,unemployment_rate,4.0,2,1,two-gastat-releases,2025 questionnaire
2025-Q1,2025-01-01,2025,1,Saudi,Total,employment_to_population,48.0,2,1,two-gastat-releases,2025 questionnaire
2025-Q1,2025-01-01,2025,1,Saudi,Total,participation_rate,51.3,3,2,two-publishers,2025 questionnaire
2025-Q1,2025-01-01,2025,1,Saudi,Total,unemployment_rate,6.3,2,1,two-gastat-releases,2025 questionnaire
2025-Q2,2025-04-01,2025,2,Non-Saudi,Female,participation_rate,37.1,4,2,two-publishers,2025 questionnaire
2025-Q2,2025-04-01,2025,2,Saudi,Female,employment_to_population,30.6,3,1,two-gastat-releases,2025 questionnaire
2025-Q2,2025-04-01,2025,2,Saudi,Female,participation_rate,34.5,6,3,two-publishers,2025 questionnaire
2025-Q2,2025-04-01,2025,2,Saudi,Female,unemployment_rate,11.3,5,2,two-publishers,2025 questionnaire
2025-Q2,2025-04-01,2025,2,Saudi,Male,employment_to_population,61.3,3,1,two-gastat-releases,2025 questionnaire
2025-Q2,2025-04-01,2025,2,Saudi,Male,participation_rate,64.0,5,2,two-publishers,2025 questionnaire
2025-Q2,2025-04-01,2025,2,Saudi,Male,unemployment_rate,4.3,4,1,two-gastat-releases,2025 questionnaire
2025-Q2,2025-04-01,2025,2,Saudi,Total,employment_to_population,45.9,3,1,two-gastat-releases,2025 questionnaire
2025-Q2,2025-04-01,2025,2,Saudi,Total,participation_rate,49.2,5,2,two-publishers,2025 questionnaire
2025-Q2,2025-04-01,2025,2,Saudi,Total,unemployment_rate,6.8,4,1,two-gastat-releases,2025 questionnaire
2025-Q3,2025-07-01,2025,3,Non-Saudi,Female,participation_rate,35.1,3,2,two-publishers,2025 questionnaire
2025-Q3,2025-07-01,2025,3,Saudi,Female,employment_to_population,29.7,4,3,two-publishers,2025 questionnaire
2025-Q3,2025-07-01,2025,3,Saudi,Female,participation_rate,33.7,4,3,two-publishers,2025 questionnaire
2025-Q3,2025-07-01,2025,3,Saudi,Female,unemployment_rate,12.1,4,3,two-publishers,2025 questionnaire
2025-Q3,2025-07-01,2025,3,Saudi,Male,employment_to_population,61.1,2,1,two-gastat-releases,2025 questionnaire
2025-Q3,2025-07-01,2025,3,Saudi,Male,participation_rate,64.3,4,3,two-publishers,2025 questionnaire
2025-Q3,2025-07-01,2025,3,Saudi,Male,unemployment_rate,5.0,2,1,two-gastat-releases,2025 questionnaire
2025-Q3,2025-07-01,2025,3,Saudi,Total,employment_to_population,45.3,2,1,two-gastat-releases,2025 questionnaire
2025-Q3,2025-07-01,2025,3,Saudi,Total,participation_rate,49.0,3,2,two-publishers,2025 questionnaire
2025-Q3,2025-07-01,2025,3,Saudi,Total,unemployment_rate,7.5,3,2,two-publishers,2025 questionnaire
2025-Q4,2025-10-01,2025,4,Non-Saudi,Female,participation_rate,36.0,1,1,single-document,2025 questionnaire
2025-Q4,2025-10-01,2025,4,Saudi,Female,employment_to_population,31.0,3,3,two-publishers,2025 questionnaire
2025-Q4,2025-10-01,2025,4,Saudi,Female,participation_rate,34.5,2,2,two-publishers,2025 questionnaire
2025-Q4,2025-10-01,2025,4,Saudi,Female,unemployment_rate,10.3,3,3,two-publishers,2025 questionnaire
2025-Q4,2025-10-01,2025,4,Saudi,Male,employment_to_population,61.1,1,1,single-document,2025 questionnaire
2025-Q4,2025-10-01,2025,4,Saudi,Male,participation_rate,64.7,2,2,two-publishers,2025 questionnaire
2025-Q4,2025-10-01,2025,4,Saudi,Male,unemployment_rate,5.6,1,1,single-document,2025 questionnaire
2025-Q4,2025-10-01,2025,4,Saudi,Total,employment_to_population,45.9,2,2,two-publishers,2025 questionnaire
2025-Q4,2025-10-01,2025,4,Saudi,Total,participation_rate,49.5,2,2,two-publishers,2025 questionnaire
2025-Q4,2025-10-01,2025,4,Saudi,Total,unemployment_rate,7.2,1,1,single-document,2025 questionnaire
2026-Q1,2026-01-01,2026,1,Non-Saudi,Female,participation_rate,35.1,1,1,single-document,2025 questionnaire
2026-Q1,2026-01-01,2026,1,Saudi,Female,employment_to_population,30.8,2,2,two-publishers,2025 questionnaire
2026-Q1,2026-01-01,2026,1,Saudi,Female,participation_rate,33.9,3,3,two-publishers,2025 questionnaire
2026-Q1,2026-01-01,2026,1,Saudi,Female,unemployment_rate,9.0,2,2,two-publishers,2025 questionnaire
2026-Q1,2026-01-01,2026,1,Saudi,Male,employment_to_population,61.0,1,1,single-document,2025 questionnaire
2026-Q1,2026-01-01,2026,1,Saudi,Male,participation_rate,64.2,1,1,single-document,2025 questionnaire
2026-Q1,2026-01-01,2026,1,Saudi,Male,unemployment_rate,4.9,1,1,single-document,2025 questionnaire
2026-Q1,2026-01-01,2026,1,Saudi,Total,employment_to_population,45.8,1,1,single-document,2025 questionnaire
2026-Q1,2026-01-01,2026,1,Saudi,Total,participation_rate,49.0,1,1,single-document,2025 questionnaire
2026-Q1,2026-01-01,2026,1,Saudi,Total,unemployment_rate,6.4,2,2,two-publishers,2025 questionnaire
2026-Q2,2026-04-01,2026,2,Non-Saudi,Female,participation_rate,34.7,1,1,single-document,2025 questionnaire
2026-Q2,2026-04-01,2026,2,Saudi,Female,employment_to_population,30.5,1,1,single-document,2025 questionnaire
2026-Q2,2026-04-01,2026,2,Saudi,Female,participation_rate,33.7,2,2,two-publishers,2025 questionnaire
2026-Q2,2026-04-01,2026,2,Saudi,Female,unemployment_rate,9.6,2,2,two-publishers,2025 questionnaire
2026-Q2,2026-04-01,2026,2,Saudi,Male,employment_to_population,60.8,1,1,single-document,2025 questionnaire
2026-Q2,2026-04-01,2026,2,Saudi,Male,participation_rate,63.9,2,2,two-publishers,2025 questionnaire
2026-Q2,2026-04-01,2026,2,Saudi,Male,unemployment_rate,4.8,2,2,two-publishers,2025 questionnaire
2026-Q2,2026-04-01,2026,2,Saudi,Total,employment_to_population,45.5,1,1,single-document,2025 questionnaire
2026-Q2,2026-04-01,2026,2,Saudi,Total,participation_rate,48.7,1,1,single-document,2025 questionnaire
2026-Q2,2026-04-01,2026,2,Saudi,Total,unemployment_rate,6.5,2,2,two-publishers,2025 questionnaire
