group,period,ai_diffusion_pct,document,url
World,2025-H2,16.3,"Microsoft AI Economy Institute, Global AI Diffusion Q2 2026 (September 2026)",https://www.microsoft.com/en-us/research/wp-content/uploads/2026/09/Microsoft-AI-Diffusion-Report-2026-Q2.pdf
World,2026-Q1,17.8,"Microsoft AI Economy Institute, Global AI Diffusion Q2 2026 (September 2026)",https://www.microsoft.com/en-us/research/wp-content/uploads/2026/09/Microsoft-AI-Diffusion-Report-2026-Q2.pdf
World,2026-Q2,18.8,"Microsoft AI Economy Institute, Global AI Diffusion Q2 2026 (September 2026)",https://www.microsoft.com/en-us/research/wp-content/uploads/2026/09/Microsoft-AI-Diffusion-Report-2026-Q2.pdf
Global North,2025-H2,24.7,"Microsoft AI Economy Institute, Global AI Diffusion Q2 2026 (September 2026)",https://www.microsoft.com/en-us/research/wp-content/uploads/2026/09/Microsoft-AI-Diffusion-Report-2026-Q2.pdf
Global North,2026-Q1,27.5,"Microsoft AI Economy Institute, Global AI Diffusion Q2 2026 (September 2026)",https://www.microsoft.com/en-us/research/wp-content/uploads/2026/09/Microsoft-AI-Diffusion-Report-2026-Q2.pdf
Global North,2026-Q2,28.8,"Microsoft AI Economy Institute, Global AI Diffusion Q2 2026 (September 2026)",https://www.microsoft.com/en-us/research/wp-content/uploads/2026/09/Microsoft-AI-Diffusion-Report-2026-Q2.pdf
Global South,2025-H2,14.1,"Microsoft AI Economy Institute, Global AI Diffusion Q2 2026 (September 2026)",https://www.microsoft.com/en-us/research/wp-content/uploads/2026/09/Microsoft-AI-Diffusion-Report-2026-Q2.pdf
Global South,2026-Q1,15.4,"Microsoft AI Economy Institute, Global AI Diffusion Q2 2026 (September 2026)",https://www.microsoft.com/en-us/research/wp-content/uploads/2026/09/Microsoft-AI-Diffusion-Report-2026-Q2.pdf
Global South,2026-Q2,16.2,"Microsoft AI Economy Institute, Global AI Diffusion Q2 2026 (September 2026)",https://www.microsoft.com/en-us/research/wp-content/uploads/2026/09/Microsoft-AI-Diffusion-Report-2026-Q2.pdf
World,2025-H1,15.1,"Microsoft AI Economy Institute, Global AI Diffusion Report 2026 Q1 (May 2026)",https://www.microsoft.com/en-us/research/wp-content/uploads/2026/05/Microsoft-AI-Diffusion-Report-2026-Q1.pdf
World,2025-H2,16.3,"Microsoft AI Economy Institute, Global AI Diffusion Report 2026 Q1 (May 2026)",https://www.microsoft.com/en-us/research/wp-content/uploads/2026/05/Microsoft-AI-Diffusion-Report-2026-Q1.pdf
World,2026-Q1,17.8,"Microsoft AI Economy Institute, Global AI Diffusion Report 2026 Q1 (May 2026)",https://www.microsoft.com/en-us/research/wp-content/uploads/2026/05/Microsoft-AI-Diffusion-Report-2026-Q1.pdf
Global North,2025-H1,22.9,"Microsoft AI Economy Institute, Global AI Diffusion Report 2026 Q1 (May 2026)",https://www.microsoft.com/en-us/research/wp-content/uploads/2026/05/Microsoft-AI-Diffusion-Report-2026-Q1.pdf
Global North,2025-H2,24.7,"Microsoft AI Economy Institute, Global AI Diffusion Report 2026 Q1 (May 2026)",https://www.microsoft.com/en-us/research/wp-content/uploads/2026/05/Microsoft-AI-Diffusion-Report-2026-Q1.pdf
Global North,2026-Q1,27.5,"Microsoft AI Economy Institute, Global AI Diffusion Report 2026 Q1 (May 2026)",https://www.microsoft.com/en-us/research/wp-content/uploads/2026/05/Microsoft-AI-Diffusion-Report-2026-Q1.pdf
Global South,2025-H1,13.1,"Microsoft AI Economy Institute, Global AI Diffusion Report 2026 Q1 (May 2026)",https://www.microsoft.com/en-us/research/wp-content/uploads/2026/05/Microsoft-AI-Diffusion-Report-2026-Q1.pdf
Global South,2025-H2,14.1,"Microsoft AI Economy Institute, Global AI Diffusion Report 2026 Q1 (May 2026)",https://www.microsoft.com/en-us/research/wp-content/uploads/2026/05/Microsoft-AI-Diffusion-Report-2026-Q1.pdf
Global South,2026-Q1,15.4,"Microsoft AI Economy Institute, Global AI Diffusion Report 2026 Q1 (May 2026)",https://www.microsoft.com/en-us/research/wp-content/uploads/2026/05/Microsoft-AI-Diffusion-Report-2026-Q1.pdf
World,2025-H1,15.1,"Microsoft AI Economy Institute, Global AI Adoption in 2025 (H2 2025 report, January 2026)",https://www.microsoft.com/en-us/research/wp-content/uploads/2026/01/Microsoft-AI-Diffusion-Report-2025-H2.pdf
World,2025-H2,16.3,"Microsoft AI Economy Institute, Global AI Adoption in 2025 (H2 2025 report, January 2026)",https://www.microsoft.com/en-us/research/wp-content/uploads/2026/01/Microsoft-AI-Diffusion-Report-2025-H2.pdf
Global North,2025-H1,22.9,"Microsoft AI Economy Institute, Global AI Adoption in 2025 (H2 2025 report, January 2026)",https://www.microsoft.com/en-us/research/wp-content/uploads/2026/01/Microsoft-AI-Diffusion-Report-2025-H2.pdf
Global North,2025-H2,24.7,"Microsoft AI Economy Institute, Global AI Adoption in 2025 (H2 2025 report, January 2026)",https://www.microsoft.com/en-us/research/wp-content/uploads/2026/01/Microsoft-AI-Diffusion-Report-2025-H2.pdf
Global South,2025-H1,13.1,"Microsoft AI Economy Institute, Global AI Adoption in 2025 (H2 2025 report, January 2026)",https://www.microsoft.com/en-us/research/wp-content/uploads/2026/01/Microsoft-AI-Diffusion-Report-2025-H2.pdf
Global South,2025-H2,14.1,"Microsoft AI Economy Institute, Global AI Adoption in 2025 (H2 2025 report, January 2026)",https://www.microsoft.com/en-us/research/wp-content/uploads/2026/01/Microsoft-AI-Diffusion-Report-2025-H2.pdf
World,2026-Q2,18.8,"The Peninsula Qatar, 27 Sep 2026",https://thepeninsulaqatar.com/article/27/09/2026/qatar-secures-top-10-spot-in-latest-global-ai-diffusion-ranking
Global North,2026-Q2,28.8,"The Peninsula Qatar, 27 Sep 2026",https://thepeninsulaqatar.com/article/27/09/2026/qatar-secures-top-10-spot-in-latest-global-ai-diffusion-ranking
Global South,2026-Q2,16.2,"The Peninsula Qatar, 27 Sep 2026",https://thepeninsulaqatar.com/article/27/09/2026/qatar-secures-top-10-spot-in-latest-global-ai-diffusion-ranking
World,2026-Q2,18.8,"Middle East AI News, 25 Sep 2026",https://www.middleeastainews.com/p/uae-retains-top-world-ai-use-ranking
Global North,2026-Q2,28.8,"Middle East AI News, 25 Sep 2026",https://www.middleeastainews.com/p/uae-retains-top-world-ai-use-ranking
Global South,2026-Q2,16.2,"Middle East AI News, 25 Sep 2026",https://www.middleeastainews.com/p/uae-retains-top-world-ai-use-ranking
World,2026-Q1,17.8,"Microsoft Source EMEA, Sep 2026 (Switzerland release)",https://news.microsoft.com/source/emea/2026/09/new-microsoft-data-ai-adoption-continues-to-rise-switzerland-remains-well-above-the-global-average/
World,2026-Q2,18.8,"Microsoft Source EMEA, Sep 2026 (Switzerland release)",https://news.microsoft.com/source/emea/2026/09/new-microsoft-data-ai-adoption-continues-to-rise-switzerland-remains-well-above-the-global-average/
World,2025-H1,15.1,"Pebblous, AI Usage Rankings: What Microsoft's Country Numbers Count, Sep 2026",https://blog.pebblous.ai/report/microsoft-ai-diffusion-denominator-2026-09/en/
World,2025-H2,16.3,"Pebblous, AI Usage Rankings: What Microsoft's Country Numbers Count, Sep 2026",https://blog.pebblous.ai/report/microsoft-ai-diffusion-denominator-2026-09/en/
World,2026-Q1,17.8,"Pebblous, AI Usage Rankings: What Microsoft's Country Numbers Count, Sep 2026",https://blog.pebblous.ai/report/microsoft-ai-diffusion-denominator-2026-09/en/
World,2026-Q2,18.8,"Pebblous, AI Usage Rankings: What Microsoft's Country Numbers Count, Sep 2026",https://blog.pebblous.ai/report/microsoft-ai-diffusion-denominator-2026-09/en/
Global North,2025-H1,22.9,"Pebblous, AI Usage Rankings: What Microsoft's Country Numbers Count, Sep 2026",https://blog.pebblous.ai/report/microsoft-ai-diffusion-denominator-2026-09/en/
Global North,2025-H2,24.7,"Pebblous, AI Usage Rankings: What Microsoft's Country Numbers Count, Sep 2026",https://blog.pebblous.ai/report/microsoft-ai-diffusion-denominator-2026-09/en/
Global North,2026-Q1,27.5,"Pebblous, AI Usage Rankings: What Microsoft's Country Numbers Count, Sep 2026",https://blog.pebblous.ai/report/microsoft-ai-diffusion-denominator-2026-09/en/
Global North,2026-Q2,28.8,"Pebblous, AI Usage Rankings: What Microsoft's Country Numbers Count, Sep 2026",https://blog.pebblous.ai/report/microsoft-ai-diffusion-denominator-2026-09/en/
Global South,2025-H1,13.1,"Pebblous, AI Usage Rankings: What Microsoft's Country Numbers Count, Sep 2026",https://blog.pebblous.ai/report/microsoft-ai-diffusion-denominator-2026-09/en/
Global South,2025-H2,14.1,"Pebblous, AI Usage Rankings: What Microsoft's Country Numbers Count, Sep 2026",https://blog.pebblous.ai/report/microsoft-ai-diffusion-denominator-2026-09/en/
Global South,2026-Q1,15.4,"Pebblous, AI Usage Rankings: What Microsoft's Country Numbers Count, Sep 2026",https://blog.pebblous.ai/report/microsoft-ai-diffusion-denominator-2026-09/en/
Global South,2026-Q2,16.2,"Pebblous, AI Usage Rankings: What Microsoft's Country Numbers Count, Sep 2026",https://blog.pebblous.ai/report/microsoft-ai-diffusion-denominator-2026-09/en/
World,2025-H2,16.3,"Enterprise DNA, 10 May 2026",https://enterprisedna.co/resources/news/microsoft-ai-diffusion-q1-2026-adoption-gap
World,2026-Q1,17.8,"Enterprise DNA, 10 May 2026",https://enterprisedna.co/resources/news/microsoft-ai-diffusion-q1-2026-adoption-gap
Global North,2025-H2,24.7,"Enterprise DNA, 10 May 2026",https://enterprisedna.co/resources/news/microsoft-ai-diffusion-q1-2026-adoption-gap
Global North,2026-Q1,27.5,"Enterprise DNA, 10 May 2026",https://enterprisedna.co/resources/news/microsoft-ai-diffusion-q1-2026-adoption-gap
