figure,value,edition,source_id,note
passports_ranked,199,2026-07,henley_pr,Also printed by The Peninsula and Packzup
destinations_counted,227,2026-07,henley_pr,Also printed by The Peninsula and Packzup
world_average_score,108,2026-07,peninsula_jul,Average passport's visa-free access; also in the Henley release and Marhaba
world_average_score_2006,58,2006,henley_pr,Average when the index launched; also in The Peninsula and Marhaba
uae_destinations_gained_since_2006,153,2026-07,henley_pr,Also on the Henley 20th anniversary page
uae_rank_2006,62,2006,henley_anniv,UAE 62nd in 2006 and joint 2nd in 2026
gap_top_to_bottom,169,2026-04,packzup,Singapore 192 minus Afghanistan 23; also printed by VisasNews
gap_top_to_bottom,170,2026-07,henley_pr,Singapore 192 minus Afghanistan 22
bangladesh_score_third_reading,36,2026-05,whatson,What's On (12 May 2026) prints 36; Wikipedia prints 34 and Packzup 36
