source_id,publisher,title,published,edition,url
wikipedia,Wikipedia,Henley Passport Index (2026 rank table),read 2026-10-10,April 2026,https://en.wikipedia.org/wiki/Henley_Passport_Index
packzup,Packzup,Passport Power Index 2026: All 199 Passports Ranked,2026-06-22 (reviewed 2026-09),April 2026,https://packzup.com/passport-rankings/
visasnews,VisasNews,Most powerful passports in 2026: the ranking has just been updated,2026-05-07,April 2026,https://visasnews.com/en/most-powerful-passports-in-2026-the-ranking-has-just-been-updated/
thenational,The National,How UAE passport reached world No 2 during decade-long surge,2026-04-15,April 2026,https://www.thenationalnews.com/news/2026/04/15/uae-passport-climbs-to-world-no-2-after-decade-long-surge/
peninsula_apr,The Peninsula,Qatar passport climbs in Henley global rankings,2026-04-13,April 2026,https://thepeninsulaqatar.com/article/13/04/2026/qatar-passport-climbs-in-henley-global-rankings
henley_pr,Henley & Partners,20th Henley Passport Index (press release),2026-07-21,July 2026,https://www.henleyglobal.com/newsroom/press-releases/henley-passport-index-20th-anniversary
peninsula_jul,The Peninsula,Qatar ranks 48 on Henley Passport Index with access to 112 destinations,2026-07-22,July 2026,https://thepeninsulaqatar.com/article/22/07/2026/qatar-ranks-48-on-henley-passport-index-with-access-to-112-destinations
marhaba_jul,Marhaba Qatar,Qatar ranks 48th in Henley Passport Index with access to 112 destinations,2026-07-23,July 2026,https://marhaba.qa/qatar-ranks-48-in-henley-passport-index-with-access-to-112-destinations/
tuniscope,Tuniscope,Les passeports les plus puissants au monde en 2026,2026-07-22,July 2026,https://www.tuniscope.com/article/436749/actualites/societe/les-passeports-les-plus-puissants-au-monde-en-2026-le-classement-complet-devoile-082814
immigrationworld,Immigration World,Passport Rankings 2026: Most Powerful and Weakest Passports,verified 2026-09-19,July 2026,https://www.immigrationworld.com/etc/passport-rankings/
henley_anniv,Henley & Partners,Henley Passport Index 20th anniversary page,2026-07-21,July 2026,https://www.henleyglobal.com/passport-index/20th-anniversary
whatson,What's On,Henley Passport Index 2026: The world's most powerful passports revealed,2026-05-12,May 2026,https://whatson.ae/2026/05/henley-passport-index-2026-the-worlds-most-powerful-passports-revealed/
