territory,headline_cit_rate_text,last_reviewed
Albania,15,22 July 2026
Angola,25,24 June 2026
Argentina,35,16 June 2026
Armenia,18,30 June 2026
Australia,30 (25 for small-medium business entities),30 June 2026
Austria,23,23 July 2026
Azerbaijan,20,28 September 2026
"Bahamas, The",NA,21 July 2026
Bahrain,46 for oil corps; 0 for other corps; 15% DMTT may apply,26 July 2026
Bangladesh,"AY2026/27-AY2030/31: 25 or 22.5 (listed, under 10% paid-up capital); 22.5 or 20 (listed, 10% or more); 27.5 or 25 (non-listed); exceptions apply",31 July 2026
Barbados,9,11 January 2026
Belgium,25,10 September 2026
Bermuda,15 (if subject to Bermuda CIT) or 0,19 February 2026
Bolivia,"25 (mining, financial institutions, insurance/reinsurance have additional rate)",21 July 2026
Bosnia and Herzegovina,10,23 September 2026
Botswana,22,09 January 2026
Brazil,"34 (IRPJ 25 + CSLL 9; IRPJ 15 plus 10 over BRL 20,000/month)",23 September 2026
Brunei Darussalam,18.5; 55 on petroleum operations,03 August 2026
Bulgaria,10,02 August 2026
Cabo Verde,20.40 (20 + 2 surcharge),29 May 2026
Cambodia,20,02 April 2026
"Cameroon, Republic of",33,14 August 2026
Canada,Federal 15; provincial/territorial 8 to 15 (not federally deductible),12 June 2026
Cayman Islands,NA,29 May 2026
Chad,35,12 August 2024
Chile,25 or 27,19 December 2025
"China, People's Republic of",25,22 July 2026
Colombia,35,21 July 2026
"Congo, Democratic Republic of the",30,21 April 2026
"Congo, Republic of",28,07 August 2026
Costa Rica,30,30 June 2026
Croatia,18 (10 for companies with revenues of EUR 1 million or less),27 August 2026
Cyprus,15 from 1 January 2026 (12.5 up to 31 December 2025),04 August 2026
Czech Republic,21 for tax periods from 2024 (19 before),27 July 2026
Denmark,22,31 July 2026
Dominican Republic,"27 (income up to RD$1 billion); 30 (transitional, FY2026-2028, income of RD$1 billion)",25 August 2026
Ecuador,"22, 25 or 28 depending on shareholder structure and disclosure compliance",23 July 2026
Egypt,22.5,17 August 2026
El Salvador,30,27 September 2026
Equatorial Guinea,25,21 November 2025
Estonia,22 (undistributed profits tax exempt),29 May 2026
Eswatini,27.5 (25 for year-ends from 1 July 2024),30 March 2026
Ethiopia,30,15 July 2026
Finland,20,09 September 2026
France,25,24 April 2026
Gabon,30 (35 for oil and gas and mining companies),06 August 2026
Georgia,"15 (20 for banks, credit unions, microfinance and loan providers)",02 September 2026
Germany,CIT/solidarity surcharge 15.825; trade tax 8.75 to 20.3 by location,30 June 2026
Ghana,25,11 March 2026
Gibraltar,15 from 1 July 2024 (12.5 before); utilities/energy and dominant-position abusers 20,22 August 2026
Greece,22,08 September 2026
Greenland,25 (6 surcharge on underpaid tax),10 August 2026
Guatemala,25 on net income; 7 on gross income (simplified optional system),09 June 2026
"Guernsey, Channel Islands","0; 10 for specified financial and related businesses; 20 for property, hydrocarbons, retail over GBP 500,000, cannabis",21 September 2026
Guyana,25,02 June 2026
Honduras,"25, plus 5 surcharge on net taxable income over HNL 1 million",10 August 2026
Hong Kong SAR,16.5 corporations; 15 unincorporated businesses,22 July 2026
Hungary,9,01 July 2026
Iceland,20,22 June 2026
India,Domestic: 25 or 30 by turnover; 15 or 22 subject to conditions; foreign with PE: 35 (plus surcharge and cess),11 May 2026
Indonesia,22,11 June 2026
Iraq,15 (35 for certain oil and gas companies),24 June 2026
Ireland,Trading 12.5; non-trading 25,11 August 2026
Isle of Man,"Corporate 0; banks and retail over GBP 500,000: 10; real estate and petroleum extraction: 20; Pillar 2 minimum 15",24 September 2026
Israel,23,29 June 2026
Italy,24,13 July 2026
Ivory Coast (Cote d'Ivoire),25,09 September 2026
Jamaica,Regulated company 33.3; building society 30; life assurance 25; unregulated 25,29 September 2026
Japan,23.2,07 August 2026
"Jersey, Channel Islands","0; 10 for certain financial services; 20 for utilities, large retailers, cannabis; rent 20",22 July 2026
Jordan,"Banks 35; telecom, insurance, financial intermediaries, mining, electricity 24; other 20; plus national contribution tax",05 July 2026
Kazakhstan,20,23 July 2026
Kenya,Resident 30; foreign 30,17 July 2026
"Korea, Republic of",25,04 June 2026
Kosovo,10,07 August 2026
Kuwait,15 flat,22 July 2026
Lao PDR,20,07 August 2026
Latvia,20 (payable only when profits are distributed),30 June 2026
Lebanon,17,01 July 2026
"Liberia, Republic of",25,24 September 2026
Libya,20,31 May 2026
Liechtenstein,12.5,09 June 2026
Lithuania,17,01 October 2026
Luxembourg,"23.87 combined (CIT, solidarity surtax, municipal business tax) from FY2025 (previously 24.94)",31 July 2026
Macau SAR,12,02 June 2026
Madagascar,20,18 November 2025
Malaysia,24,16 June 2026
Malta,35,30 September 2026
Mauritania,25,07 August 2026
Mauritius,"15 (3 for companies exporting goods); plus Fair Share, CSR and CCR levies",15 June 2026
Mexico,30,06 August 2026
Moldova,12,24 June 2026
Mongolia,25,08 June 2026
Montenegro,15,07 August 2026
Morocco,35,30 April 2026
Mozambique,"32 (10 for agricultural, livestock, aquaculture and urban transport)",11 August 2026
Myanmar,22,09 September 2026
"Namibia, Republic of",31 (30 for companies with financial years from 1 January 2025),16 July 2026
Netherlands,25.8,29 May 2026
New Caledonia,30,09 September 2026
New Zealand,28,06 July 2026
Nicaragua,30,04 August 2026
Nigeria,30 for large companies; 0 for small companies,29 May 2026
North Macedonia,10,23 July 2026
Norway,22 (25 for certain financial sector companies),25 June 2026
Oman,15,07 July 2026
Pakistan,29,24 August 2026
Palestinian territories,15 (20 for telecom and franchise or monopoly companies),12 August 2026
Panama,25,04 August 2026
Papua New Guinea,Resident 30; non-resident 30,23 September 2026
Paraguay,10,07 February 2026
Peru,29.5,13 July 2026
Philippines,25,01 August 2026
Poland,19,11 August 2026
Portugal,19,24 July 2026
Puerto Rico,"37.5 (18.5 + 19 surtax on income over USD 275,000)",07 August 2026
Qatar,10 (minimum 35 for petrochemical/petroleum companies),17 September 2026
Romania,16,25 September 2026
Rwanda,28,23 September 2026
Saint Lucia,30,13 January 2026
Saudi Arabia,20,29 July 2026
Senegal,30,07 August 2026
Serbia,15,07 August 2026
Singapore,17,02 July 2026
Slovak Republic,24,09 September 2026
Slovenia,22,15 July 2026
South Africa,27,29 May 2026
Spain,25,30 June 2026
Sweden,20.6,22 September 2026
Switzerland,Federal 8.5 on profit after tax (7.83 before tax); overall 11.66 to 20.54 with cantonal and communal CIT,01 July 2026
Taiwan,20,20 August 2026
Tanzania,30,09 September 2026
Thailand,20,24 August 2026
Trinidad and Tobago,30 (35 for commercial banks and petrochemical companies),02 June 2026
Tunisia,20,29 June 2026
Turkey,25 (30 for financial sector companies),09 September 2026
Uganda,30,12 January 2026
Ukraine,General 18; financial institutions (except insurers) from 2025: 25; banks (2026): 50,30 June 2026
United Arab Emirates,9,09 September 2026
United Kingdom,25,23 July 2026
United States,"Federal 21; state 2 to 11.5 (some states none), deductible for federal",04 September 2026
Uruguay,25,02 September 2026
"Uzbekistan, Republic of",15,27 August 2026
Venezuela,34,30 September 2026
Vietnam,20,23 September 2026
Zambia,30,24 July 2026
