iso3,country,rate_pct,rate_with_gmt_pct
ABW,Aruba,22.00,22.00
AFG,Afghanistan,20.00,20.00
AGO,Angola,25.00,25.00
AIA,Anguilla,0.00,0.00
ALA,Aland Islands,20.00,20.00
ALB,Albania,15.00,15.00
AND,Andorra,10.00,10.00
ARE,United Arab Emirates,9.00,15.00
ARG,Argentina,35.00,35.00
ARM,Armenia,18.00,18.00
ASM,American Samoa,34.00,34.00
ATG,Antigua and Barbuda,25.00,25.00
AUS,Australia,30.00,30.00
AUT,Austria,23.00,23.00
AZE,Azerbaijan,20.00,20.00
BDI,Burundi,30.00,30.00
BEL,Belgium,25.00,25.00
BEN,Benin,30.00,30.00
BES,"Bonaire, Sint Eustatius and Saba",25.80,25.80
BFA,Burkina Faso,27.50,27.50
BGD,Bangladesh,27.50,27.50
BGR,Bulgaria,10.00,15.00
BHR,Bahrain,0.00,15.00
BHS,Bahamas,0.00,15.00
BIH,Bosnia and Herzegovina,10.00,10.00
BLM,Saint Barthelemy,0.00,0.00
BLR,Belarus,25.00,25.00
BLZ,Belize,0.00,0.00
BMU,Bermuda,0.00,15.00
BOL,Plurinational State of Bolivia,25.00,25.00
BRA,Brazil,34.00,34.00
BRB,Barbados,9.00,15.00
BRN,Brunei Darussalam,18.50,18.50
BTN,Bhutan,25.00,25.00
BWA,Botswana,22.00,22.00
CAF,Central African Republic,30.00,30.00
CAN,Canada,25.98,25.98
CHE,Switzerland,19.61,19.61
CHL,Chile,27.00,27.00
CHN,China,25.00,25.00
CIV,Cote d'Ivoire,25.00,25.00
CMR,Cameroon,33.00,33.00
COD,Democratic Republic of the Congo,30.00,30.00
COG,Congo,28.00,28.00
COK,Cook Islands,20.00,20.00
COL,Colombia,35.00,35.00
COM,Comoros,50.00,50.00
CPV,Cabo Verde,21.42,21.42
CRI,Costa Rica,30.00,30.00
CUB,Cuba,35.00,35.00
CUW,Curacao,22.00,22.00
CYM,Cayman Islands,0.00,0.00
CYP,Cyprus,12.50,15.00
CZE,Czechia,21.00,21.00
DEU,Germany,30.06,30.06
DJI,Djibouti,25.00,25.00
DMA,Dominica,25.00,25.00
DNK,Denmark,22.00,22.00
DOM,Dominican Republic,27.00,27.00
DZA,Algeria,26.00,26.00
ECU,Ecuador,25.00,25.00
EGY,Egypt,22.50,22.50
ERI,Eritrea,30.00,30.00
ESP,Spain,25.00,25.00
EST,Estonia,22.00,22.00
ETH,Ethiopia,30.00,30.00
FIN,Finland,20.00,20.00
FJI,Fiji,25.00,25.00
FLK,Falkland Islands (Malvinas),26.00,26.00
FRA,France,36.13,36.13
FRO,Faroe Islands,18.00,18.00
FSM,Federated States of Micronesia,30.00,30.00
GAB,Gabon,30.00,30.00
GBR,United Kingdom,25.00,25.00
GEO,Georgia,15.00,15.00
GGY,Guernsey,0.00,15.00
GHA,Ghana,25.00,25.00
GIB,Gibraltar,15.00,15.00
GIN,Guinea,25.00,25.00
GMB,Gambia,27.00,27.00
GNB,Guinea-Bissau,25.00,25.00
GNQ,Equatorial Guinea,25.00,25.00
GRC,Greece,22.00,22.00
GRD,Grenada,28.00,28.00
GRL,Greenland,26.50,26.50
GTM,Guatemala,25.00,25.00
GUM,Guam,21.00,21.00
GUY,Guyana,25.00,25.00
HKG,"China, Hong Kong Special Administrative Region",16.50,16.50
HND,Honduras,30.00,30.00
HRV,Croatia,18.00,18.00
HTI,Haiti,30.00,30.00
HUN,Hungary,9.00,15.00
IDN,Indonesia,22.00,22.00
IMN,Isle of Man,0.00,15.00
IND,India,30.00,30.00
IRL,Ireland,12.50,15.00
IRN,Islamic Republic of Iran,25.00,25.00
IRQ,Iraq,15.00,15.00
ISL,Iceland,20.00,20.00
ISR,Israel,23.00,23.00
ITA,Italy,27.81,27.81
JAM,Jamaica,25.00,25.00
JEY,Jersey,0.00,15.00
JOR,Jordan,20.00,20.00
JPN,Japan,29.74,29.74
KAZ,Kazakhstan,20.00,20.00
KEN,Kenya,30.00,30.00
KGZ,Kyrgyzstan,10.00,10.00
KHM,Cambodia,20.00,20.00
KIR,Kiribati,30.00,30.00
KNA,Saint Kitts and Nevis,33.00,33.00
KOR,Republic of Korea,26.40,26.40
KWT,Kuwait,15.00,15.00
LAO,Lao People's Democratic Republic,20.00,20.00
LBN,Lebanon,17.00,17.00
LBR,Liberia,25.00,25.00
LBY,Libya,20.00,20.00
LCA,Saint Lucia,30.00,30.00
LIE,Liechtenstein,12.50,15.00
LKA,Sri Lanka,30.00,30.00
LSO,Lesotho,25.00,25.00
LTU,Lithuania,16.00,16.00
LUX,Luxembourg,23.87,23.87
LVA,Latvia,20.00,20.00
MAC,"China, Macao Special Administrative Region",12.00,12.00
MAF,Saint Martin (French Part),20.00,20.00
MAR,Morocco,34.00,34.00
MCO,Monaco,25.00,25.00
MDA,Republic of Moldova,12.00,12.00
MDG,Madagascar,20.00,20.00
MDV,Maldives,15.00,15.00
MEX,Mexico,30.00,30.00
MKD,North Macedonia,10.00,15.00
MLI,Mali,30.00,30.00
MLT,Malta,35.00,35.00
MMR,Myanmar,22.00,22.00
MNE,Montenegro,15.00,15.00
MNG,Mongolia,25.00,25.00
MNP,Northern Mariana Islands,21.00,21.00
MOZ,Mozambique,32.00,32.00
MRT,Mauritania,25.00,25.00
MSR,Montserrat,30.00,30.00
MUS,Mauritius,15.00,15.00
MWI,Malawi,30.00,30.00
MYS,Malaysia,24.00,24.00
NAM,Namibia,30.00,30.00
NCL,New Caledonia,30.00,30.00
NER,Niger,30.00,30.00
NGA,Nigeria,30.00,30.00
NIC,Nicaragua,30.00,30.00
NIU,Niue,30.00,30.00
NLD,Netherlands,25.80,25.80
NOR,Norway,22.00,22.00
NPL,Nepal,25.00,25.00
NRU,Nauru,25.00,25.00
NZL,New Zealand,28.00,28.00
OMN,Oman,15.00,15.00
PAK,Pakistan,29.00,29.00
PAN,Panama,25.00,25.00
PER,Peru,29.50,29.50
PHL,Philippines,25.00,25.00
PNG,Papua New Guinea,30.00,30.00
POL,Poland,19.00,
PRI,Puerto Rico,37.50,37.50
PRT,Portugal,30.50,30.50
PRY,Paraguay,10.00,10.00
PSE,State of Palestine,15.00,15.00
PYF,French Polynesia,25.00,25.00
QAT,Qatar,10.00,15.00
ROU,Romania,16.00,16.00
RUS,Russian Federation,25.00,25.00
RWA,Rwanda,28.00,28.00
SAU,Saudi Arabia,20.00,20.00
SDN,Sudan,35.00,35.00
SEN,Senegal,30.00,30.00
SGP,Singapore,17.00,17.00
SHN,Saint Helena,25.00,25.00
SLB,Solomon Islands,30.00,30.00
SLE,Sierra Leone,25.00,25.00
SLV,El Salvador,30.00,30.00
SMR,San Marino,17.00,17.00
SOM,Somalia,15.00,15.00
SRB,Serbia,15.00,15.00
SSD,South Sudan,30.00,30.00
STP,Sao Tome and Principe,25.00,25.00
SUR,Suriname,36.00,36.00
SVK,Slovakia,24.00,24.00
SVN,Slovenia,22.00,22.00
SWE,Sweden,20.60,20.60
SWZ,Swaziland,25.00,25.00
SXM,Sint Maarten (Dutch part),34.50,34.50
SYC,Seychelles,25.00,25.00
SYR,Syrian Arab Republic,25.00,25.00
TCA,Turks and Caicos Islands,0.00,0.00
TCD,Chad,35.00,35.00
TGO,Togo,27.00,27.00
THA,Thailand,20.00,20.00
TJK,Tajikistan,18.00,18.00
TKL,Tokelau,0.00,0.00
TKM,Turkmenistan,8.00,8.00
TLS,Timor-Leste,10.00,10.00
TON,Tonga,25.00,25.00
TTO,Trinidad and Tobago,30.00,30.00
TUN,Tunisia,20.00,20.00
TUR,Turkey,25.00,25.00
TWN,Taiwan,20.00,20.00
TZA,United Republic of Tanzania,30.00,30.00
UGA,Uganda,30.00,30.00
UKR,Ukraine,18.00,18.00
URY,Uruguay,25.00,25.00
USA,United States of America,25.57,25.57
UZB,Uzbekistan,15.00,15.00
VCT,Saint Vincent and the Grenadines,28.00,28.00
VEN,Bolivarian Republic of Venezuela,34.00,34.00
VGB,British Virgin Islands,0.00,0.00
VIR,United States Virgin Islands,23.10,23.10
VNM,Viet Nam,20.00,20.00
VUT,Vanuatu,0.00,0.00
WLF,Wallis and Futuna Islands,0.00,0.00
WSM,Samoa,27.00,27.00
XKX,Republic of Kosovo,10.00,10.00
YEM,Yemen,20.00,20.00
ZAF,South Africa,27.00,27.00
ZMB,Zambia,30.00,30.00
ZWE,Zimbabwe,25.75,25.75
