check,published_value,note
jurisdictions_in_table,226,Jurisdictions surveyed
mean_rate_all_jurisdictions_pct,22.35,Average rate across 226 jurisdictions
jurisdictions_no_corporate_income_tax,15,Table 4
jurisdictions_at_or_below_20_pct,80,Distribution section
jurisdictions_above_20_to_30_pct,126,Distribution section
jurisdictions_at_or_below_30_pct,206,Distribution section
jurisdictions_above_30_to_35_pct,16,Distribution section
jurisdictions_above_35_pct,4,Distribution section
world_mean_181_jurisdictions_pct,23.58,Unweighted average of the 181 jurisdictions with GDP data
world_gdp_weighted_mean_181_pct,26.04,GDP-weighted average of the 181 jurisdictions
world_mean_1980_pct,40.18,Unweighted average in 1980
africa_mean_pct,27.18,Table 5 (51 countries)
asia_mean_pct,19.74,Table 5 (47 countries)
europe_mean_pct,20.65,Table 5 (39 countries)
north_america_mean_pct,25.59,Table 5 (24 countries)
oceania_mean_pct,24.38,Table 5 (8 countries)
south_america_mean_pct,28.38,Table 5 (12 countries)
uae_rank_lowest_nonzero,4,Table 3 (printed order; tied with Barbados and Hungary at 9%)
