iso3,continent_code,rate_pct
ABW,NO,22.00
AFG,AS,20.00
AGO,AF,25.00
AIA,NO,0.00
ALA,EU,20.00
ALB,EU,15.00
AND,EU,10.00
ARE,AS,9.00
ARG,SA,35.00
ARM,AS,18.00
ASM,OC,34.00
ATG,NO,25.00
AUS,OC,30.00
AUT,EU,23.00
AZE,AS,20.00
BDI,AF,30.00
BEL,EU,25.00
BEN,AF,30.00
BES,NO,25.80
BFA,AF,27.50
BGD,AS,27.50
BGR,EU,10.00
BHR,AS,0.00
BHS,NO,0.00
BIH,EU,10.00
BLM,NO,0.00
BLR,EU,25.00
BLZ,NO,0.00
BMU,NO,0.00
BOL,SA,25.00
BRA,SA,34.00
BRB,NO,9.00
BRN,AS,18.50
BTN,AS,25.00
BWA,AF,22.00
CAF,AF,30.00
CAN,NO,25.98
CHE,EU,19.61
CHL,SA,27.00
CHN,AS,25.00
CIV,AF,25.00
CMR,AF,33.00
COD,AF,30.00
COG,AF,28.00
COK,OC,20.00
COL,SA,35.00
COM,AF,50.00
CPV,AF,21.42
CRI,NO,30.00
CUB,NO,35.00
CUW,NO,22.00
CYM,NO,0.00
CYP,EU,12.50
CZE,EU,21.00
DEU,EU,30.06
DJI,AF,25.00
DMA,NO,25.00
DNK,EU,22.00
DOM,NO,27.00
DZA,AF,26.00
ECU,SA,25.00
EGY,AF,22.50
ERI,AF,30.00
ESP,EU,25.00
EST,EU,22.00
ETH,AF,30.00
FIN,EU,20.00
FJI,OC,25.00
FLK,SA,26.00
FRA,EU,36.13
FRO,EU,18.00
FSM,OC,30.00
GAB,AF,30.00
GBR,EU,25.00
GEO,AS,15.00
GGY,EU,0.00
GHA,AF,25.00
GIB,EU,15.00
GIN,AF,25.00
GMB,AF,27.00
GNB,AF,25.00
GNQ,AF,25.00
GRC,EU,22.00
GRD,NO,28.00
GRL,NO,26.50
GTM,NO,25.00
GUM,OC,21.00
GUY,SA,25.00
HKG,AS,16.50
HND,NO,30.00
HRV,EU,18.00
HTI,NO,30.00
HUN,EU,9.00
IDN,AS,22.00
IMN,EU,0.00
IND,AS,30.00
IRL,EU,12.50
IRN,AS,25.00
IRQ,AS,15.00
ISL,EU,20.00
ISR,AS,23.00
ITA,EU,27.81
JAM,NO,25.00
JEY,EU,0.00
JOR,AS,20.00
JPN,AS,29.74
KAZ,AS,20.00
KEN,AF,30.00
KGZ,AS,10.00
KHM,AS,20.00
KIR,OC,30.00
KNA,NO,33.00
KOR,AS,26.40
KWT,AS,15.00
LAO,AS,20.00
LBN,AS,17.00
LBR,AF,25.00
LBY,AF,20.00
LCA,NO,30.00
LIE,EU,12.50
LKA,AS,30.00
LSO,AF,25.00
LTU,EU,16.00
LUX,EU,23.87
LVA,EU,20.00
MAC,AS,12.00
MAF,NO,20.00
MAR,AF,34.00
MCO,EU,25.00
MDA,EU,12.00
MDG,AF,20.00
MDV,AS,15.00
MEX,NO,30.00
MKD,EU,10.00
MLI,AF,30.00
MLT,EU,35.00
MMR,AS,22.00
MNE,EU,15.00
MNG,AS,25.00
MNP,OC,21.00
MOZ,AF,32.00
MRT,AF,25.00
MSR,NO,30.00
MUS,AF,15.00
MWI,AF,30.00
MYS,AS,24.00
NAM,AF,30.00
NCL,OC,30.00
NER,AF,30.00
NGA,AF,30.00
NIC,NO,30.00
NIU,OC,30.00
NLD,EU,25.80
NOR,EU,22.00
NPL,AS,25.00
NRU,OC,25.00
NZL,OC,28.00
OMN,AS,15.00
PAK,AS,29.00
PAN,NO,25.00
PER,SA,29.50
PHL,AS,25.00
PNG,OC,30.00
POL,EU,19.00
PRI,NO,37.50
PRT,EU,30.50
PRY,SA,10.00
PSE,AS,15.00
PYF,OC,25.00
QAT,AS,10.00
ROU,EU,16.00
RUS,EU,25.00
RWA,AF,28.00
SAU,AS,20.00
SDN,AF,35.00
SEN,AF,30.00
SGP,AS,17.00
SHN,AF,25.00
SLB,OC,30.00
SLE,AF,25.00
SLV,NO,30.00
SMR,EU,17.00
SOM,AF,15.00
SRB,EU,15.00
SSD,AF,30.00
STP,AF,25.00
SUR,SA,36.00
SVK,EU,24.00
SVN,EU,22.00
SWE,EU,20.60
SWZ,AF,25.00
SXM,NO,34.50
SYC,AF,25.00
SYR,AS,25.00
TCA,NO,0.00
TCD,AF,35.00
TGO,AF,27.00
THA,AS,20.00
TJK,AS,18.00
TKL,OC,0.00
TKM,AS,8.00
TLS,OC,10.00
TON,OC,25.00
TTO,NO,30.00
TUN,AF,20.00
TUR,AS,25.00
TWN,AS,20.00
TZA,AF,30.00
UGA,AF,30.00
UKR,EU,18.00
URY,SA,25.00
USA,NO,25.57
UZB,AS,15.00
VCT,NO,28.00
VEN,SA,34.00
VGB,NO,0.00
VIR,NO,23.10
VNM,AS,20.00
VUT,OC,0.00
WLF,OC,0.00
WSM,OC,27.00
XKX,EU,10.00
YEM,AS,20.00
ZAF,AF,27.00
ZMB,AF,30.00
ZWE,AF,25.75
