country,last_pct,previous_pct
Afghanistan,20,20
Albania,15,15
Algeria,26,26
Angola,25,25
Argentina,35,35
Armenia,18,18
Aruba,22,22
Australia,30,30
Austria,23,23
Azerbaijan,20,20
Bahamas,0,0
Bahrain,0,0
Bangladesh,27.5,27.5
Barbados,5.5,5.5
Belarus,25,25
Belgium,25,25
Benin,30,30
Bermuda,0,0
Bolivia,25,25
Bosnia and Herzegovina,10,10
Botswana,22,22
Brazil,34,34
Brunei,18.5,18.5
Bulgaria,10,10
Burkina Faso,27.5,27.5
Cambodia,20,20
Cameroon,33,33
Canada,26.5,26.5
Cayman Islands,0,0
Chad,35,35
Chile,27,27
China,25,25
Colombia,35,35
Congo,30,30
Costa Rica,30,30
Croatia,18,18
Cyprus,12.5,12.5
Czech Republic,21,21
Denmark,22,22
Dominican Republic,27,27
Ecuador,30,25
Egypt,22.5,22.5
El Salvador,30,30
Equatorial Guinea,25,35
Estonia,22,22
Ethiopia,30,30
Fiji,25,25
Finland,20,20
France,25,25
Gabon,30,30
Gambia,27,27
Georgia,15,15
Germany,30,30
Ghana,25,25
Greece,22,22
Guam,21,21
Guatemala,25,25
Guinea,30,30
Honduras,25,25
Hong Kong,16.5,16.5
Hungary,9,9
Iceland,20,20
India,34.94,34.94
Indonesia,22,22
Iraq,15,15
Ireland,12.5,12.5
Isle of Man,0,0
Israel,23,23
Italy,24,24
Ivory Coast,25,25
Jamaica,25,25
Japan,31.52,30.62
Jordan,20,20
Kazakhstan,20,20
Kenya,30,30
Kosovo,10,10
Kuwait,15,15
Laos,20,20
Latvia,20,20
Lebanon,17,17
Lesotho,25,25
Libya,20,20
Liechtenstein,12.5,12.5
Lithuania,17,16
Luxembourg,23.87,23.87
Macau,12,12
Macedonia,10,10
Madagascar,20,20
Malawi,30,30
Malaysia,24,24
Maldives,15,15
Malta,35,35
Mauritania,25,25
Mauritius,15,15
Mexico,30,30
Micronesia,21,21
Moldova,12,12
Mongolia,25,25
Montenegro,15,15
Morocco,35,33
Mozambique,32,32
Myanmar,22,22
Namibia,28,30
Netherlands,25.8,25.8
New Zealand,28,28
Nicaragua,30,30
Nigeria,30,30
Norway,22,22
Oman,15,15
Pakistan,29,29
Panama,25,25
Papua New Guinea,30,30
Paraguay,10,10
Peru,29.5,29.5
Philippines,25,25
Poland,19,19
Portugal,19,20
Puerto Rico,37.5,37.5
Qatar,10,10
Republic of the Congo,28,28
Romania,16,16
Russia,25,25
Rwanda,28,28
Samoa,27,27
Saudi Arabia,20,20
Senegal,30,30
Serbia,15,15
Seychelles,33,33
Sierra Leone,30,25
Singapore,17,17
Slovakia,24,24
Slovenia,22,22
Solomon Islands,30,30
South Africa,27,27
South Korea,25,24
Spain,25,25
Sri Lanka,30,30
Sudan,35,35
Suriname,36,36
Swaziland,25,25
Sweden,20.6,20.6
Switzerland,14.4,14.4
Syria,28,28
Taiwan,20,20
Tanzania,30,30
Thailand,20,20
Tonga,25,25
Trinidad And Tobago,30,30
Tunisia,20,20
Turkey,25,25
Uganda,30,30
Ukraine,18,18
United Arab Emirates,9,9
United Kingdom,25,25
United States,21,21
Uruguay,25,25
Uzbekistan,15,15
Vanuatu,0,0
Venezuela,34,34
Vietnam,20,20
Zambia,30,30
Zimbabwe,25.75,25.75
